회사_한글_이름,job_posting_title,crawl_datetime
더파운더즈,법무팀법무경력 3 ~ 8년정규직더파운더즈 본사 West(서관),2025-09-18 04:36:57
더파운더즈,재무재무기획신입인턴더파운더즈 본사 West(서관),2025-09-18 04:36:57
더파운더즈,SCMSCM경력 5 ~ 10년정규직더파운더즈 본사 West(서관),2025-09-18 04:36:57
더파운더즈,아누아 일본사업마케팅경력 무관아르바이트더파운더즈 본사 East(동관),2025-09-18 04:36:57
더파운더즈,더파운더즈 재팬해외영업경력 1 ~ 10년정규직더파운더즈 재팬,2025-09-18 04:36:57
더파운더즈,경력 무관정규직더파운더즈 본사 West(서관),2025-09-18 04:36:57
더파운더즈,더파운더즈 재팬디자인경력 1 ~ 6년정규직더파운더즈 재팬,2025-09-18 04:36:57
더파운더즈,상품기획상품기획경력 10 ~ 20년정규직더파운더즈 본사 West(서관),2025-09-18 04:36:57
더파운더즈,피플실피플경력 5 ~ 10년정규직더파운더즈 본사 West(서관),2025-09-18 04:36:57
더파운더즈,상품기획Market Intelligence경력 3 ~ 13년정규직더파운더즈 본사 West(서관),2025-09-18 04:36:57
더파운더즈,SCMSCM경력 7 ~ 12년정규직더파운더즈 본사 West(서관),2025-09-18 04:36:57
더파운더즈,아누아 일본사업마케팅경력 3 ~ 8년정규직더파운더즈 본사 East(동관),2025-09-18 04:36:57
더파운더즈,아누아 일본사업디자인경력 1 ~ 6년정규직더파운더즈 본사 East(동관),2025-09-18 04:36:57
더파운더즈,피플실피플경력 7 ~ 20년정규직더파운더즈 본사 West(서관),2025-09-18 04:36:57
더파운더즈,더파운더즈 재팬마케팅경력 1 ~ 10년정규직더파운더즈 재팬,2025-09-18 04:36:57
더파운더즈,아누아 일본사업MD경력 무관아르바이트더파운더즈 본사 East(동관),2025-09-18 04:36:57
더파운더즈,프롬랩스마케팅경력 2 ~ 7년정규직더파운더즈 본사 West(서관),2025-09-18 04:36:57
더파운더즈,상품기획R&D경력 7 ~ 17년정규직더파운더즈 본사 West(서관),2025-09-18 04:36:57
더파운더즈,SCMSCM경력 2 ~ 7년정규직더파운더즈 본사 West(서관),2025-09-18 04:36:57
더파운더즈,디자인랩디자인경력 5 ~ 15년정규직더파운더즈 본사 West(서관),2025-09-18 04:36:57
더파운더즈,아누아 북미사업마케팅신입인턴더파운더즈 본사 West(서관),2025-09-18 04:36:57
더파운더즈,피플실피플경력 무관아르바이트더파운더즈 본사 West(서관),2025-09-18 04:36:57
더파운더즈,아누아 일본사업MD경력 무관인턴더파운더즈 본사 East(동관),2025-09-18 04:36:57
더파운더즈,아누아 일본사업마케팅경력 1 ~ 10년정규직더파운더즈 본사 East(동관),2025-09-18 04:36:57
룰루랩,도서 구매,2025-09-18 04:36:57
룰루랩,생일 지원,2025-09-18 04:36:57
룰루랩,교육 지원,2025-09-18 04:36:57
룰루랩,유연 출근제,2025-09-18 04:36:57
룰루랩,사내 추천 제도,2025-09-18 04:36:57
룰루랩,백신휴가 부여,2025-09-18 04:36:57
룰루랩,룰루데이,2025-09-18 04:36:57
룰루랩,송년 휴가 부여,2025-09-18 04:36:57
룰루랩,도서구매,2025-09-18 04:36:57
룰루랩,출산 양육비 지원,2025-09-18 04:36:57
룰루랩,간식지원,2025-09-18 04:36:57
룰루랩,룰루 타임,2025-09-18 04:36:57
룰루랩,사내 추천제도,2025-09-18 04:36:57
룰루랩,룰루 데이,2025-09-18 04:36:57
룰루랩,간식 지원,2025-09-18 04:36:57
룰루랩,백신 휴가 부여,2025-09-18 04:36:57
룰루랩,식대 지원,2025-09-18 04:36:57
에코마케팅,마케팅 사무보조 계약직 채용국내마케팅경력 무관계약직에코마케팅,2025-09-18 04:36:57
에코마케팅,마케터 상시채용(국내/글로벌)상시마케팅경력 무관에코마케팅,2025-09-18 04:36:57
에코마케팅,"기획하는 광고 디자이너(안다르) 신입/경력 채용(추가모집)국내디자인경력 무관에코마케팅2025. 09. 21, 14:59까지",2025-09-18 04:36:57
오스템임플란트,"25년도 산학장학생 (R&D, IT/SW)/전문연구요원(보충역, 전직 우대) 모집",2025-09-18 04:36:57
오스템임플란트,[영업/마케팅] 탑플란 국내 치과영업,2025-09-18 04:36:57
오스템임플란트,[영업/마케팅] 국내 치과 영업,2025-09-18 04:36:57
오스템임플란트,[경영지원] 해외법인 재경 주재원(상시),2025-09-18 04:36:57
오스템임플란트,[경영지원] 인사 노무 담당자,2025-09-18 04:36:57
오스템임플란트,[영업/마케팅] 마케팅 PM (Product Manager),2025-09-18 04:36:57
오스템임플란트,[추천/상시채용] 경영지원 부문 채용,2025-09-18 04:36:57
오스템임플란트,[영업/마케팅] 해외 영업 주재원 후보,2025-09-18 04:36:57
오스템임플란트,[외국인(유학생)] 해외 법인 서비스 교육 지원 및 메뉴얼 기획,2025-09-18 04:36:57
올리브인터내셔널,SCM본부구매구매담당자경력 3 ~ 7년정규직올리브인터내셔널,2025-09-18 04:36:57
올리브인터내셔널,브랜드사업본부마케팅컨텐츠마케터신입인턴올리브인터내셔널,2025-09-18 04:36:57
올리브인터내셔널,해외사업본부영업경력 5 ~ 15년정규직올리브인터내셔널,2025-09-18 04:36:57
올리브인터내셔널,해외사업본부마케팅마케팅경력 1 ~ 15년정규직올리브인터내셔널,2025-09-18 04:36:57
올리브인터내셔널,해외사업본부마케팅마케팅경력 무관정규직올리브인터내셔널,2025-09-18 04:36:57
올리브인터내셔널,브랜드사업본부마케팅브랜드마케팅경력 무관인턴올리브인터내셔널,2025-09-18 04:36:57
올리브인터내셔널,마케팅마케팅경력 무관정규직올리브인터내셔널,2025-09-18 04:36:57
올리브인터내셔널,해외사업본부마케팅마케팅경력 3 ~ 15년정규직올리브인터내셔널,2025-09-18 04:36:57
올리브인터내셔널,해외사업본부영업경력 1 ~ 15년정규직올리브인터내셔널,2025-09-18 04:36:57
이그니스,[헬스케어사업본부] 글로벌 마케터랩노쉬마케터경력 2년 이상정규직서울 본사,2025-09-18 04:36:57
이그니스,[신사업] 브랜드 디자이너신사업디자이너디자이너경력 5년 이상정규직이그니스,2025-09-18 04:36:57
이그니스,[헬스케어사업본부] 글로벌 B2B 세일즈 담당자랩노쉬해외영업경력 2년 이상정규직서울 본사,2025-09-18 04:36:57
이그니스,[이지로지스 김포센터] 3PL 운영 관리자이지로지스물류운영경력 2년 이상정규직이지로지스 김포센터,2025-09-18 04:36:57
이그니스,[피플본부] Talent Acquisition Manager피플본부HR경력 3년 이상정규직서울 본사,2025-09-18 04:36:57
이그니스,[HMR사업본부] 한끼통살 자사몰 커머스 팀장(D2C)한끼통살마케터경력 10년 이상정규직서울 본사,2025-09-18 04:36:57
이그니스,[뷰티사업본부] Braye 일본 바이럴 시딩 아르바이트(1~3개월)브레이브레이마케터경력 무관계약직서울 본사,2025-09-18 04:36:57
이그니스,[엔터라운드] 김포 센터 해외 특송 운영 담당자이지로지스물류운영경력 3년 이상정규직이지로지스 CBT센터,2025-09-18 04:36:57
이그니스,[음료사업본부] 클룹(CLOOP) 퍼포먼스마케터클룹퍼포먼스마케터마케터경력 3년 이상정규직,2025-09-18 04:36:57
이그니스,[뷰티사업본부] 신규 브랜드 디자이너브레이디자이너경력 3~7년정규직서울 본사,2025-09-18 04:36:57
이그니스,[HQ 품질관리팀] 화장품 품질 QA 담당자HQQC/QA품질관리경력 5~10년정규직이그니스,2025-09-18 04:36:57
이그니스,[음료사업본부] 클룹(CLOOP) 글로벌 MD (북미/아마존/쇼피파이)클룹클룹마케터경력 2년 이상정규직서울 본사,2025-09-18 04:36:57
이그니스,[뷰티사업본부] Braye 일본 마케터브레이브레이마케터경력 3년 이상정규직서울 본사,2025-09-18 04:36:57
이그니스,[HQ GTM] H&B 채널 영업담당자HQ영업경력 3년 이상정규직이그니스,2025-09-18 04:36:57
이그니스,[이그니스] 신규 브랜드 총괄팀장이그니스이그니스PO/PM브랜드 총괄경력 7년 이상정규직이그니스,2025-09-18 04:36:57
이그니스,[이그니스] 브랜드 마케터이그니스이그니스마케터경력 5~10년정규직서울 본사,2025-09-18 04:36:57
이그니스,[헬스케어사업본부] 랩노쉬 콘텐츠 마케터랩노쉬마케터경력 3년 이상정규직서울 본사,2025-09-18 04:36:57
이그니스,[뷰티사업본부] 신규 브랜드 총괄팀장브레이전략기획경력 7년 이상정규직서울 본사,2025-09-18 04:36:57
이그니스,[뷰티사업본부] Braye 바이럴 마케터브레이브레이마케터경력 2~5년정규직서울 본사,2025-09-18 04:36:57
이그니스,[뷰티사업본부] Braye 화장품 BM브레이브레이BM경력 3~7년정규직서울 본사,2025-09-18 04:36:57
이그니스,[뷰티사업본부] Braye 바이럴 시딩 아르바이트(1~3개월)브레이브레이마케터경력 무관계약직서울 본사,2025-09-18 04:36:57
이그니스,[뷰티사업본부] Braye SNS 영상 편집 아르바이트브레이마케터경력 무관계약직서울 본사,2025-09-18 04:36:57
이그니스,[뷰티사업본부] Braye 뷰티 콘텐츠 마케터브레이브레이마케터경력 1~5년정규직서울 본사,2025-09-18 04:36:57
이그니스,[음료사업본부] 클룹(CLOOP) 커머스 디자이너클룹클룹디자이너경력 3년 이상정규직서울 본사,2025-09-18 04:36:57
이그니스,[헬스케어사업본부] 영미권 아마존/틱톡샵 운영 담당자랩노쉬경력 2년 이상정규직서울 본사,2025-09-18 04:36:57
이그니스,[뷰티사업본부] Braye 브랜드 마케터브레이브레이마케터경력 5~10년정규직서울 본사,2025-09-18 04:36:57
이그니스,[뷰티사업본부] Braye 콘텐츠 디자이너브레이디자이너경력 1~5년정규직서울 본사,2025-09-18 04:36:57
이그니스,[HMR사업본부] 글로벌 세일즈 팀장한끼통살한끼통살영업경력 5~10년정규직서울 본사,2025-09-18 04:36:57
이그니스,[HQ 품질관리팀] 뷰티 디바이스 품질 QA 담당자HQQC/QA경력 5~10년정규직이그니스,2025-09-18 04:36:57
이그니스,[HQ 총무팀] 총무 담당자 인턴(채용연계형)HQHR신입인턴서울 본사,2025-09-18 04:36:57
이그니스,[경영기획본부] 경영관리팀 투자 관리 담당자경영기획본부경영관리경력 5~10년정규직서울 본사,2025-09-18 04:36:57
이그니스,[뷰티 디바이스] 마케팅 매니저신사업마케터경력 5년 이상정규직이그니스,2025-09-18 04:36:57
이그니스,[HQ 품질관리팀] 용인 물류센터 품질 검사원HQQC/QA경력 1~6년정규직용인 물류센터,2025-09-18 04:36:57
이그니스,[이그니스] 일본 마케터이그니스이그니스마케터경력 3~6년정규직서울 본사,2025-09-18 04:36:57
이그니스,[음료사업본부] 클룹(CLOOP) 콘텐츠 마케터클룹클룹마케터경력 3~5년정규직서울 본사,2025-09-18 04:36:57
이그니스,[이지로지스 용인센터] 3PL 운영 관리자이지로지스물류운영경력 2년 이상정규직용인 물류센터,2025-09-18 04:36:57
이그니스,[음료사업본부] 클룹(CLOOP) 브랜드 리드마케터경력 3~10년정규직이그니스,2025-09-18 04:36:57
이그니스,[신사업] 아마존 사업기획자신사업사업기획경력 5년 이상정규직이그니스,2025-09-18 04:36:57
카카오스타일,Business마케팅/비즈니스경력 5년 이상정규직카카오스타일,2025-09-18 04:36:57
카카오스타일,BusinessMD경력 5 ~ 10년정규직카카오스타일,2025-09-18 04:36:57
카카오스타일,Staff경력 무관계약직카카오스타일,2025-09-18 04:36:57
카카오스타일,TechApp경력 7년 이상정규직카카오스타일,2025-09-18 04:36:57
카카오스타일,Business마케팅/비즈니스경력 2년 이상정규직카카오스타일,2025-09-18 04:36:57
카카오스타일,TechData경력 5년 이상정규직카카오스타일,2025-09-18 04:36:57
카카오스타일,BusinessMD경력 5년 이상정규직카카오스타일,2025-09-18 04:36:57
카카오스타일,TechData경력 3년 이상정규직카카오스타일,2025-09-18 04:36:57
카카오스타일,TechBackend경력 5년 이상정규직카카오스타일,2025-09-18 04:36:57
카카오스타일,Business마케팅/비즈니스경력 무관계약직카카오스타일,2025-09-18 04:36:57
카카오스타일,TechInfra경력 5년 이상정규직카카오스타일,2025-09-18 04:36:57
컴투스,게임아트일반채용경력[신규 2D 캐주얼 액션 프로젝트] 스파인(Spine 2D) 애니메이터 (3년 이상)게임아트25.09.10~25.09.26 23:59D-8,2025-09-18 04:36:57
컴투스,게임아트일반채용경력[신규 2D 캐주얼 액션 프로젝트] 이펙터 (3년 이상)게임아트25.09.10~25.09.26 23:59D-8,2025-09-18 04:36:57
컴투스,게임아트일반채용경력[신규 2D 캐주얼 액션 프로젝트] 2D 그래픽 디자이너 (3년 이상)게임아트25.09.10~25.09.26 23:59D-8,2025-09-18 04:36:57
컴투스,QA일반채용신입/경력(플랫폼) 플랫폼QA 담당자 (계약직)QA25.09.10~25.09.26 23:59D-8,2025-09-18 04:36:57
크리에이트립,MD&MKT 파트리더(대만)커머스부문상품기획·MDMD&마케팅경력 3~6년정규직,2025-09-18 04:36:57
크리에이트립,백엔드 파트 리더프로덕트부문경력 5년 이상정규직,2025-09-18 04:36:57
크리에이트립,MD&MKT 파트리더커머스부문상품기획·MDMD&마케팅경력 5년 이상정규직,2025-09-18 04:36:57
크리에이트립,대만 이커머스(MD/마케팅) 인턴(정규직 전환형)커머스부문마케팅MD&마케팅경력 무관인턴,2025-09-18 04:36:57
크리에이트립,[대만 지사][원격 재택근무] Creatrip ｜CX Associate (1년 계약/파트타임)오퍼레이션 부문서비스/운영고객지원경력 무관,2025-09-18 04:36:57
크리에이트립,백엔드 엔지니어프로덕트 부문백엔드 엔지니어백엔드 개발경력 3~6년정규직,2025-09-18 04:36:57
크리에이트립,디자인팀 리더프로덕트부문경력 5년 이상정규직,2025-09-18 04:36:57
크리에이트립,신사업개발 매니저 (BD)신사업TFT경력 0~3년정규직,2025-09-18 04:36:57
토스(비바리퍼블리카),Compensation Manager (주식보상)인사 ・ 보상운영 ・ 보상기획,2025-09-18 04:36:57
토스(비바리퍼블리카),Data Quality Specialist데이터 ・ 분석 ・ SQL ・ Data,2025-09-18 04:36:57
토스(비바리퍼블리카),Communications ManagerPR ・ 이슈대응 ・ PR ・ 커뮤니케이션,2025-09-18 04:36:57
토스(비바리퍼블리카),ML ManagerML ・ Data ・ Project ・ Strategy,2025-09-18 04:36:57
토스(비바리퍼블리카),Security Audit Manager (개인정보 및 데이터관리 담당)내부통제 ・ 자체감사 ・ 정보보호,2025-09-18 04:36:57
토스(비바리퍼블리카),Site Reliability EngineerMSA ・  Kubernetes ・  Kotlin ・  Java,2025-09-18 04:36:57
토스(비바리퍼블리카),Data Analyst비즈니스분석 ・ 제품분석 ・ SQL ・ 데이터시각화,2025-09-18 04:36:57
토스(비바리퍼블리카),법인영업 담당자오프라인 ・ VAN ・ 결제단말기 ・ POS,2025-09-18 04:36:57
토스(비바리퍼블리카),Legal Operations Manager법무 ・ 사내법무 ・ 리서치,2025-09-18 04:36:57
토스(비바리퍼블리카),Compliance Manager컴플라이언스 ・ 준법지원 ・ 여신 ・ 수신,2025-09-18 04:36:57
토스(비바리퍼블리카),전산총무 담당자 (부산센터)경영지원 ・ 전산총무 ・ 운영체제 ・ 전산 ・ 총무 ・ IT,2025-09-18 04:36:57
토스(비바리퍼블리카),Marketing Team Assistantmarketing ・ 페이먼츠 ・ 사무보조 ・ 콘텐츠 ・ 마케팅 ・ 어시스턴트,2025-09-18 04:36:57
토스(비바리퍼블리카),Assistant PDPD ・ 영상PD ・ 영상제작,2025-09-18 04:36:57
토스(비바리퍼블리카),Server DeveloperKotlin ・ Java ・ Spring ・ Backend,2025-09-18 04:36:57
토스(비바리퍼블리카),Internal System Engineer (3년 이하)VDI ・ AD ・ Windows ・ Linux,2025-09-18 04:36:57
토스(비바리퍼블리카),Sales Systems Manager비즈니스 ・  세일즈포스 ・  CRM구축 ・  세일즈시스템,2025-09-18 04:36:57
토스(비바리퍼블리카),Compliance Specialist컴플라이언스 ・ 준법지원 ・ 여신 ・ 수신,2025-09-18 04:36:57
토스(비바리퍼블리카),HRBP (Corporate Functions)HRBP ・ 인사 ・ HR ・ 인사기획,2025-09-18 04:36:57
토스(비바리퍼블리카),HR Operations Manager (부산센터)인사 ・ 채용 ・ 오퍼레이션 ・ HR,2025-09-18 04:36:57
토스(비바리퍼블리카),Risk Management Specialist (가맹점 리스크관리)경영지원 ・ 리스크 ・ 가맹점 ・ 심사,2025-09-18 04:36:57
토스(비바리퍼블리카),iOS Developer [산업기능요원/전문연구요원]병역특례 ・ 개발 ・ Swift ・ RxSwift,2025-09-18 04:36:57
토스(비바리퍼블리카),Finance Director재무 ・ 회계 ・ FP&A ・ 리더십,2025-09-18 04:36:57
토스(비바리퍼블리카),People Data Scientist인사 ・ HR ・ 인사데이터 ・ HRdata ・ People Data Analyst,2025-09-18 04:36:57
토스(비바리퍼블리카),Security Engineer [산업기능요원/전문연구요원]병역특례 ・ 보안 ・ 엔드포인트 ・ 솔루션,2025-09-18 04:36:57
토스(비바리퍼블리카),Community Partner복지 ・  커뮤니티 ・  운영/관리 ・  컨시어지,2025-09-18 04:36:57
토스(비바리퍼블리카),IDC System TechnicianIDC ・ Linux ・ Hardware ・,2025-09-18 04:36:57
토스(비바리퍼블리카),General Affairs Team Leader경영지원 ・ 총무 ・ General Affairs ・  총무팀장,2025-09-18 04:36:57
토스(비바리퍼블리카),Translator경영지원 ・ 통번역,2025-09-18 04:36:57
토스(비바리퍼블리카),IT Assistant전산 ・ 운영체제 ・ 자산관리,2025-09-18 04:36:57
토스(비바리퍼블리카),Business Data Analyst Lead데이터 ・ 비즈니스 분석 ・ SQL ・ Python,2025-09-18 04:36:57
토스(비바리퍼블리카),Community Manager인사 ・ 커뮤니티 ・ 운영/관리 ・ 이벤트 기획,2025-09-18 04:36:57
토스(비바리퍼블리카),여신 상품 Manager상품기획 ・ 운영 ・ 규정 ・ 제도,2025-09-18 04:36:57
토스(비바리퍼블리카),Insurance Business Manager비즈니스 ・ 보험영업 ・ 보험설계 ・ 상담 ・ 설계사채용,2025-09-18 04:36:57
토스(비바리퍼블리카),Culture Business Partner인사 ・ 문화 ・ 조직문화 ・ 핵심가치,2025-09-18 04:36:57
토스(비바리퍼블리카),Product Designer [Tools]디자인 ・ UX ・ B2B ・ 생산성 ・ 데스크탑,2025-09-18 04:36:57
토스(비바리퍼블리카),Hardware/Device 관련 포지션 인재풀 등록Hardware ・ Device ・ 단말기,2025-09-18 04:36:57
토스(비바리퍼블리카),Operations Supporter (광고 검수)광고 ・  수기검증 ・  검수 ・  QA ・  Quality Assurance ・  운영,2025-09-18 04:36:57
토스(비바리퍼블리카),Interaction Designer디자인 ・ 인터랙션 ・ 프로토타이핑,2025-09-18 04:36:57
토스(비바리퍼블리카),Sales Enablement Assistant비즈니스 ・ 광고 ・ 세일즈 ・ 영업 ・ 단기계약직,2025-09-18 04:36:57
토스(비바리퍼블리카),Interaction Design Assistant디자인 ・ 어시스턴트 ・ 프로토타입,2025-09-18 04:36:57
토스(비바리퍼블리카),Product Operations Specialist주니어 ・ 제품운영 ・ PM ・ Growth,2025-09-18 04:36:57
토스(비바리퍼블리카),HRBP (Business)HRBP ・ 인사 ・ HR ・ 인사기획,2025-09-18 04:36:57
토스(비바리퍼블리카),React Native DeveloperFrontend ・  React ・  React Native,2025-09-18 04:36:57
토스(비바리퍼블리카),SOX Manager재무 ・ 내부회계 ・  SOX ・  회계사 ・  KICPA ・  AICPA,2025-09-18 04:36:57
토스(비바리퍼블리카),Frontend Ops DeveloperReact ・  JavaScript,2025-09-18 04:36:57
토스(비바리퍼블리카),Content Marketing Assistant콘텐츠 ・ 마케팅 ・ SNS,2025-09-18 04:36:57
토스(비바리퍼블리카),IT AdminIT ・ Help ・ 운영체제 ・ 인프라,2025-09-18 04:36:57
토스(비바리퍼블리카),Account Manager [FacePay]오프라인 ・  토스페이 ・ 얼굴결제 ・  토스페이 ・  영업 ・  제휴,2025-09-18 04:36:57
토스(비바리퍼블리카),Frontend Platform Engineer개발 ・ Frontend ・ TypeScript ・ JavaScript,2025-09-18 04:36:57
토스(비바리퍼블리카),IT Planning Manager정책수립 ・  IT기획 ・  AI거버넌스,2025-09-18 04:36:57
토스(비바리퍼블리카),Android Developer [산업기능요원/전문연구요원]병역특례 ・ 개발 ・ Java ・ Kotlin,2025-09-18 04:36:57
토스(비바리퍼블리카),[7년 이하 은행권 특별채용] Compliance Manager컴플라이언스 ・ 준법지원 ・ 여신 ・ 수신,2025-09-18 04:36:57
토스(비바리퍼블리카),Product Manager제품고도화 ・  서비스확장 ・  기술제품,2025-09-18 04:36:57
토스(비바리퍼블리카),ML Engineer [Senior]Machine Learning ・ 모델설계 ・ 실험 ・ 서빙,2025-09-18 04:36:57
토스(비바리퍼블리카),People Data Analyst인사 ・ HR ・ 인사데이터 ・ HRdata,2025-09-18 04:36:57
토스(비바리퍼블리카),KYC Operations Assistant(고객신원확인 담당자)KYC ・ AML ・ 자금세탁방지 ・ 고객신원확인,2025-09-18 04:36:57
토스(비바리퍼블리카),Senior Server Developer개발 ・ Server ・ Java ・ Spring,2025-09-18 04:36:57
토스(비바리퍼블리카),Purchasing Specialist (구매·정산)구매 ・ Purchasing,2025-09-18 04:36:57
토스(비바리퍼블리카),CS Training Coach (증권)상담교육 ・ 금융교육 ・ 사내교육 ・ 사내강사,2025-09-18 04:36:57
토스(비바리퍼블리카),Ads Strategy Manager (Project Staff)광고 ・  전략 ・  시장분석 ・  파트너십 ・  사업전략 ・  사업개발,2025-09-18 04:36:57
토스(비바리퍼블리카),Server Developer [Staff]Kotlin ・ Java ・ Spring ・ Backend,2025-09-18 04:36:57
토스(비바리퍼블리카),Validation Manager여신감리 ・ 리스크 ・ 검증,2025-09-18 04:36:57
토스(비바리퍼블리카),ML Engineer [Ads]Machine Learning ・ MLE ・ 모델 서빙,2025-09-18 04:36:57
토스(비바리퍼블리카),Business Partnership ManagerBusiness ・ 대외협력 ・ 제휴기획 ・ 사업개발,2025-09-18 04:36:57
토스(비바리퍼블리카),Legal Counsel법무 ・ 변호사 ・ 기업자문,2025-09-18 04:36:57
토스(비바리퍼블리카),금융사기대응 Assistant (전기통신금융사기)오퍼레이션 ・  어시스턴트 ・  사무보조,2025-09-18 04:36:57
토스(비바리퍼블리카),AML Manager자금세탁방지 ・ AML ・ KYC ・ STR,2025-09-18 04:36:57
토스(비바리퍼블리카),Sales Performance Manager세일즈 ・  보상 ・  성과관리 ・  성과측정,2025-09-18 04:36:57
토스(비바리퍼블리카),General Affairs Manager총무 ・ GA ・ 계약관리 ・ 구매관리,2025-09-18 04:36:57
토스(비바리퍼블리카),Client Solutions Manager광고 ・  최적화솔루션 ・  컨설팅 ・  전략,2025-09-18 04:36:57
토스(비바리퍼블리카),Corporate Credit Rating Team Leader리더십 ・ 리스크 ・ 신용모형 ・ 기업금융,2025-09-18 04:36:57
토스(비바리퍼블리카),Data ManagerData ・ Strategy ・ PM ・ DataPM,2025-09-18 04:36:57
토스(비바리퍼블리카),IR Manager (공시/주총)경영지원 ・ 증권 ・ 공시,2025-09-18 04:36:57
토스(비바리퍼블리카),QA ManagerQuality Assurance ・ 테스트 ・ SQA,2025-09-18 04:36:57
토스(비바리퍼블리카),Sales Operations and Enablement Team Leader (Ads)세일즈 ・ 비즈니스 ・ 광고 ・ 운영 ・ 리더십,2025-09-18 04:36:57
토스(비바리퍼블리카),Information Security Manager (정보보호 정책/기획 담당)보안 ・ 정책 ・ 금융보안 ・ 컴플라이언스,2025-09-18 04:36:57
토스(비바리퍼블리카),Platform Product Owner프로덕트 ・ 서비스기획 ・ 제품고도화,2025-09-18 04:36:57
토스(비바리퍼블리카),Product Designer [Commerce]디자인 ・ UX ・ 모바일,2025-09-18 04:36:57
토스(비바리퍼블리카),Technical Product Owner프로덕트 ・  기술기반 ・  제품고도화,2025-09-18 04:36:57
토스(비바리퍼블리카),Emerging Business Team Assistant (단기계약직)오퍼레이션 ・  어시스턴트,2025-09-18 04:36:57
토스(비바리퍼블리카),People Systems Manager(Workday)인사 ・ 인사기획 ・ HR시스템,2025-09-18 04:36:57
토스(비바리퍼블리카),InfraOps Engineer [산업기능요원/전문연구요원]병역특례 ・ 인프라 ・ 시스템 ・ 네트워크,2025-09-18 04:36:57
토스(비바리퍼블리카),Accounting Manager회계 ・ 재무회계 ・ 결산,2025-09-18 04:36:57
토스(비바리퍼블리카),People Systems Partner인사 ・ HR ・ 인사데이터 ・ HRdata,2025-09-18 04:36:57
토스(비바리퍼블리카),Barista Support경영지원 ・ 서비스 ・ 음료제조,2025-09-18 04:36:57
토스(비바리퍼블리카),Concierge Service Coordinator총무 ・ 커뮤니티 ・ 지원,2025-09-18 04:36:57
토스(비바리퍼블리카),Business Operations Assistant경영 ・ 사업지원 ・ 사무보조,2025-09-18 04:36:57
토스(비바리퍼블리카),Android Developer개발 ・ Android ・ Kotlin,2025-09-18 04:36:57
토스(비바리퍼블리카),InfraOps Engineer인프라 ・  시스템 ・  네트워크,2025-09-18 04:36:57
토스(비바리퍼블리카),Treasury Manager자금운용 ・ 자금조달 ・ 자금분석,2025-09-18 04:36:57
토스(비바리퍼블리카),Sales Development Representative비즈니스 ・ 광고 ・ 세일즈 ・ 영업 ・ 단기계약직,2025-09-18 04:36:57
토스(비바리퍼블리카),Customer Experience Manager고객상담 ・ 고객경험 ・ CX ・ CS,2025-09-18 04:36:57
토스(비바리퍼블리카),Legal Team Leader법무 ・ 변호사 ・ 기업자문 ・ 법무검토,2025-09-18 04:36:57
토스(비바리퍼블리카),Business Marketing Manager (Brand & Events)마케팅 ・ 비즈니스 ・ 광고 ・ 이벤트/웨비나,2025-09-18 04:36:57
토스(비바리퍼블리카),Chief Risk Officer (CRO)위험관리 ・  신용심의 ・  투자심의 ・  리스크관리,2025-09-18 04:36:57
토스(비바리퍼블리카),10월 신입 Insurance advisor과정 (서울/전주/부산)비즈니스 ・ 보험영업 ・ 보험설계 ・ 상담 ・ 손해보험,2025-09-18 04:36:57
토스(비바리퍼블리카),Account Manager광고 ・  비즈니스 ・  영업 ・  아웃바운드 ・  제휴 ・  프로모션,2025-09-18 04:36:57
토스(비바리퍼블리카),[토스플레이스 대규모채용] Server Developer개발 ・ Server ・ Kotlin ・ Spring,2025-09-18 04:36:57
토스(비바리퍼블리카),Community Specialist복지 ・  커뮤니티 ・  운영/관리 ・  컨시어지,2025-09-18 04:36:57
토스(비바리퍼블리카),Network Security Engineer (5년 이상)인프라 ・ 네트워크 ・ 방화벽 ・ 보안,2025-09-18 04:36:57
토스(비바리퍼블리카),Data Analytics EngineerData ・ SQL ・ DW DM,2025-09-18 04:36:57
토스(비바리퍼블리카),"Operations Manager (Global, 호주 현지근무)운영 ・  리서치 ・  Operations ・  총무 ・  호주 ・  글로벌",2025-09-18 04:36:57
토스(비바리퍼블리카),Research Assistant경영전략 ・ IB/VC/PE ・ 리서치 ・ RA,2025-09-18 04:36:57
토스(비바리퍼블리카),Risk Management Specialist (Commerce)커머스 ・  리스크 ・ 경영지원 ・ 어시스턴트,2025-09-18 04:36:57
토스(비바리퍼블리카),Security Audit Manager (정보보호관리체계 및 기술 담당)내부통제 ・ 자체감사 ・ 정보보호,2025-09-18 04:36:57
토스(비바리퍼블리카),Corporate Strategy Manager (경영 기획)경영기획 ・  성과지표 ・  경영전략 ・  FP&A,2025-09-18 04:36:57
토스(비바리퍼블리카),Content Marketer마케팅 ・  콘텐츠 ・  콘텐츠마케터,2025-09-18 04:36:57
토스(비바리퍼블리카),채널영업 담당자VAN대리점 ・ 실적관리 ・ 대리점영업,2025-09-18 04:36:57
토스(비바리퍼블리카),Executive AssistantEA ・ 업무지원 ・ 어시스턴트,2025-09-18 04:36:57
토스(비바리퍼블리카),[7년 이하 은행권 특별채용] Collections Manager사후관리 ・  회수 ・  공적구제 ・  매각,2025-09-18 04:36:57
토스(비바리퍼블리카),Overseas Operations Specialist (해외주식 야간데스크)야간데스크 ・  해외주식 ・  글로벌데스크 ・  상담 ・  증권운영,2025-09-18 04:36:57
토스(비바리퍼블리카),"Finance Manager (Accounting, 3년 이상)결산 ・  세무 ・  회계감사 ・  SAP",2025-09-18 04:36:57
토스(비바리퍼블리카),Business Development Manager사업개발 ・ B2B영업 ・ 프랜차이즈,2025-09-18 04:36:57
토스(비바리퍼블리카),iOS Platform Engineer개발 ・ iOS ・ Swift,2025-09-18 04:36:57
토스(비바리퍼블리카),System Engineer [산업기능요원/전문연구요원]병역특례 ・ 인프라 ・ 시스템 ・ 클라우드,2025-09-18 04:36:57
토스(비바리퍼블리카),FP&A DirectorFP&A ・ 재무모델링 ・ 재무전략 ・ 재무분석,2025-09-18 04:36:57
토스(비바리퍼블리카),Inside Sales Specialist비즈니스 ・  영업기회발굴 ・  영업 ・  영업관리,2025-09-18 04:36:57
토스(비바리퍼블리카),DevOps EngineerKubernetes ・  Istio ・  CI/CD ・  Cloud Native,2025-09-18 04:36:57
토스(비바리퍼블리카),CSS Modeler신용평가모형 ・ CSS ・ SQL ・ Python,2025-09-18 04:36:57
토스(비바리퍼블리카),Design Assistant디자인 ・ 어시스턴트 ・ 포토샵 ・ 일러스트,2025-09-18 04:36:57
토스(비바리퍼블리카),Product Excellence Manager제품전략 ・ 제품조직목표달성,2025-09-18 04:36:57
토스(비바리퍼블리카),Securities Settlement Manager결제 ・ 권리 ・ 배당,2025-09-18 04:36:57
토스(비바리퍼블리카),Tosspay Offline Sales Assistant세일즈 ・  운영 ・  어시스턴트,2025-09-18 04:36:57
토스(비바리퍼블리카),Vision Assistant (Data Labeling / 단기계약직)데이터 ・ 데이터라벨링 ・ Data Labeling,2025-09-18 04:36:57
토스(비바리퍼블리카),Frontend Developer (보훈특별채용)개발 ・ Frontend ・ TypeScript ・ JavaScript ・ 보훈,2025-09-18 04:36:57
토스(비바리퍼블리카),Frontend UX Engineer (Interaction)개발 ・ Frontend ・ TypeScript ・ Interaction,2025-09-18 04:36:57
토스(비바리퍼블리카),QA SpecialistQuality Assurance ・ Test ・ Selenium ・ ISTQB,2025-09-18 04:36:57
토스(비바리퍼블리카),수신 상품 Manager상품기획 ・ 운영 ・ 규정 ・ 제도,2025-09-18 04:36:57
토스(비바리퍼블리카),Data Analyst (커머스)커머스데이터분석 ・ 유저행동분석 ・ 부스팅전략 ・ 커머스데이터,2025-09-18 04:36:57
토스(비바리퍼블리카),DataOps Manager데이터추출 ・ 데이터시각화 ・ LogQA ・ SQL,2025-09-18 04:36:57
토스(비바리퍼블리카),Frontend UX Engineer개발 ・ Frontend ・ TypeScript ・ JavaScript,2025-09-18 04:36:57
토스(비바리퍼블리카),People Strategy Manager인사 ・ 전략 ・ 인사기획,2025-09-18 04:36:57
토스(비바리퍼블리카),Brand Design Assistant디자인 ・ 어시스턴트 ・ 브랜드디자인,2025-09-18 04:36:57
토스(비바리퍼블리카),[토스플레이스 대규모채용] Frontend DeveloperFrontend ・ React ・ Typescript ・ Next.js,2025-09-18 04:36:57
토스(비바리퍼블리카),Risk System Developer개발 ・ 리스크 ・ 마트 ・ SQL,2025-09-18 04:36:57
토스(비바리퍼블리카),Digital Finance Researcher (연구원)연구 ・ 리서치 ・ 금융,2025-09-18 04:36:57
토스(비바리퍼블리카),Network Engineer [산업기능요원/전문연구요원]병역특례 ・ 인프라 ・ 스위치 ・ 방화벽,2025-09-18 04:36:57
토스(비바리퍼블리카),ML Backend EngineerBackend ・  Server ・  Python ・  머신러닝 ・ ML ・ 모델서빙,2025-09-18 04:36:57
토스(비바리퍼블리카),Content Manager콘텐츠기획 ・ 콘텐츠제작 ・ 콘텐츠확산,2025-09-18 04:36:57
토스(비바리퍼블리카),Securities Settlement Team Leader결제 ・ 권리 ・ 배당,2025-09-18 04:36:57
토스(비바리퍼블리카),Technical Account Manager비즈니스 ・  기술지원 ・  기술연동,2025-09-18 04:36:57
토스(비바리퍼블리카),Network Software Engineer,2025-09-18 04:36:57
토스(비바리퍼블리카),Product Owner프로덕트 ・ 서비스기획 ・ 사업전략,2025-09-18 04:36:57
토스(비바리퍼블리카),Commerce Operations Assistant비즈니스 ・ 쇼핑 ・  검수 ・  커머스,2025-09-18 04:36:57
토스(비바리퍼블리카),UX Researcher [포트폴리오 없는 전형]유저리서치 ・  UX리서치 ・  제품개선,2025-09-18 04:36:57
토스(비바리퍼블리카),HRBPHRBP ・ 인사 ・ HR ・ 인사기획,2025-09-18 04:36:57
토스(비바리퍼블리카),Operations Supporter (수기검증)사무보조 ・ 서류처리 ・ 운영성업무 ・  평일 ・  주말,2025-09-18 04:36:57
토스(비바리퍼블리카),Customer Protection Manager소비자보호 ・  민원대응 ・  내부통제 ・  정책개선,2025-09-18 04:36:57
토스(비바리퍼블리카),Product Manager (Design Platform)프로덕트 ・ 제품고도화 ・ 서비스확장 ・ 운영개선,2025-09-18 04:36:57
토스(비바리퍼블리카),Security Researcher보안 ・ 기술 ・ 웹/앱 보안진단,2025-09-18 04:36:57
토스(비바리퍼블리카),IT Audit ManagerIT내부통제 ・ IT자체감사,2025-09-18 04:36:57
토스(비바리퍼블리카),Strategic Finance Manager [FP&A]FP&A ・  재무모델링 ・  재무전략 ・  재무분석,2025-09-18 04:36:57
토스(비바리퍼블리카),Data Engineer (Finance)데이터 ・ Hadoop ・ 관리회계 ・ 회계시스템,2025-09-18 04:36:57
토스(비바리퍼블리카),SAP Developer (FI)SAP ・ FAM/FI ・ ABAP ・ 재무회계시스템,2025-09-18 04:36:57
토스(비바리퍼블리카),Site Manager (부산센터)센터장 ・ 컨택센터 ・ BPO ・ 인하우스 ・ 부산 ・ 지사장,2025-09-18 04:36:57
토스(비바리퍼블리카),Customer Success Manager고객센터 ・ VOC ・ CS,2025-09-18 04:36:57
토스(비바리퍼블리카),AI EngineerMachine Learning ・ MLE ・ AI ・ RAG,2025-09-18 04:36:57
토스(비바리퍼블리카),Business Content Marketing Assistant콘텐츠 ・ 마케팅 ・ 운영 ・ 제작,2025-09-18 04:36:57
토스(비바리퍼블리카),Frontend Developer (Chart)개발 ・ Frontend ・ JavaScript ・ Tradingview,2025-09-18 04:36:57
토스(비바리퍼블리카),Data Engineer데이터 ・ 파이프라인 ・ Hadoop ・ HBase,2025-09-18 04:36:57
토스(비바리퍼블리카),Internal Brand Designer디자인 ・ 브랜딩 ・ BX,2025-09-18 04:36:57
토스(비바리퍼블리카),Frontend UX Ops EngineerReact ・  JavaScript,2025-09-18 04:36:57
토스(비바리퍼블리카),Internal Network Engineer인프라 ・ 네트워크 ・ 스위치 ・ 방화벽,2025-09-18 04:36:57
토스(비바리퍼블리카),Privacy Manager보안 ・ 정책 ・ 보안 규제 ・ 개인정보,2025-09-18 04:36:57
토스(비바리퍼블리카),Server Developer [산업기능요원/전문연구요원] (Product)병역특례 ・ 개발 ・ Kotlin ・ Spring,2025-09-18 04:36:57
토스(비바리퍼블리카),Staff Data Scientist머신러닝 ・ ML ・ 모델링 ・ AICC,2025-09-18 04:36:57
토스(비바리퍼블리카),금융거래정보 Assistant오퍼레이션 ・  어시스턴트 ・  사무보조,2025-09-18 04:36:57
토스(비바리퍼블리카),Python DeveloperBackend ・ Python ・ Django ・ Internal Product,2025-09-18 04:36:57
토스(비바리퍼블리카),Security Audit Manager (정보보호 자체감사자)내부통제 ・ 자체감사 ・ 정보보호,2025-09-18 04:36:57
토스(비바리퍼블리카),IDC Security Safety Engineer인프라 ・  IDC ・  데이터센터 ・  Datacenter ・ 물리보안,2025-09-18 04:36:57
토스(비바리퍼블리카),Operations Supporter (상시 인재풀)사무보조 ・ 서류처리 ・ 운영성업무,2025-09-18 04:36:57
토스(비바리퍼블리카),Product Owner [Commerce]프로덕트 ・ 서비스기획 ・ 사업전략,2025-09-18 04:36:57
토스(비바리퍼블리카),Biz Legal Team Leader법무 ・ 변호사 ・ 법무총괄 ・ 핀테크,2025-09-18 04:36:57
토스(비바리퍼블리카),Purchasing Team Leader구매 ・ Purchasing,2025-09-18 04:36:57
토스(비바리퍼블리카),토스뱅크 연계채용개발 ・ 연계채용 ・ 신입 ・ 주니어,2025-09-18 04:36:57
토스(비바리퍼블리카),카드 상품 Manager비즈니스 ・ 카드 ・ 상품기획,2025-09-18 04:36:57
토스(비바리퍼블리카),HRBP (Tech)HRBP ・ 인사 ・ HR ・ 인사기획,2025-09-18 04:36:57
토스(비바리퍼블리카),Tax Counsel세무사 ・ 세금환급 ・ 세무서비스 ・ 민원대응,2025-09-18 04:36:57
토스(비바리퍼블리카),UI Design Assistant디자인 ・ UI ・ 디자인시스템,2025-09-18 04:36:57
토스(비바리퍼블리카),Marketing Specialist비즈니스 ・  마케팅,2025-09-18 04:36:57
토스(비바리퍼블리카),Brand Communication Team Leader리더십 ・ 마케팅 ・ 브랜딩 ・ 마케팅전략,2025-09-18 04:36:57
토스(비바리퍼블리카),Employer Branding Manager채용브랜딩 ・ 채용마케팅 ・ Dev Rel,2025-09-18 04:36:57
토스(비바리퍼블리카),Customer Hero (경력 - 전화/채팅 상담)경력 ・  토스플랫폼 전담팀 ・  토스페이먼츠 전담팀 ・  토스증권 전담팀 ・  상담 ・  고객응대,2025-09-18 04:36:57
토스(비바리퍼블리카),Graphic Designer디자인 ・ 일러스트 ・ Graphic ・ 모바일,2025-09-18 04:36:57
토스(비바리퍼블리카),IAM EngineerIAM ・ PC ・  IT ・  Okta,2025-09-18 04:36:57
토스(비바리퍼블리카),Frontend Developer [Commerce]개발 ・ Frontend ・ TypeScript ・ JavaScript,2025-09-18 04:36:57
토스(비바리퍼블리카),Internal Audit Manager (재무)컴플라이언스 ・ 감사 ・ 내부통제 ・ 재무,2025-09-18 04:36:57
토스(비바리퍼블리카),OB Sales Supporter토스페이 ・  Sales ・  영업 ・  콜드콜 ・  지원,2025-09-18 04:36:57
토스(비바리퍼블리카),Localization Assistant (베트남어)Localization ・ 번역 ・ 베트남어,2025-09-18 04:36:57
토스(비바리퍼블리카),IDC Assistant (단기계약직)IDC ・  데이터센터,2025-09-18 04:36:57
토스(비바리퍼블리카),ML EngineerMachine Learning ・ 모델설계 ・ 실험 ・ 서빙,2025-09-18 04:36:57
토스(비바리퍼블리카),Product Owner (Community Platform)프로덕트 ・  서비스기획 ・  사업전략 ・  커뮤니티,2025-09-18 04:36:57
토스(비바리퍼블리카),Brand Web Designer디자인 ・ 브랜딩 ・ BX ・ Web,2025-09-18 04:36:57
토스(비바리퍼블리카),Corporate Accounting Team LeaderFinance ・  Accounting ・  Strategy ・  Corporate Finance,2025-09-18 04:36:57
토스(비바리퍼블리카),MLOps EngineerMachine Learning ・ MLE ・ Infra ・ 모델 서빙,2025-09-18 04:36:57
토스(비바리퍼블리카),Ads GTM Strategy Manager광고 ・  최적화솔루션 ・  컨설팅 ・  전략 ・  GTM ・  고투마켓,2025-09-18 04:36:57
토스(비바리퍼블리카),IDC Network Technician인프라 ・ 네트워크 ・  IDC,2025-09-18 04:36:57
토스(비바리퍼블리카),Project Staff (Commerce)전략과제 ・ 실행 ・ 협업,2025-09-18 04:36:57
토스(비바리퍼블리카),Public Affairs ManagerPublic Affairs ・ 대외협력 ・ 규제개선,2025-09-18 04:36:57
토스(비바리퍼블리카),Information Security Manager보안 ・ 정책 ・ 금융보안 ・ 컴플라이언스,2025-09-18 04:36:57
토스(비바리퍼블리카),System Engineer인프라 ・ 시스템 ・ 클라우드,2025-09-18 04:36:57
토스(비바리퍼블리카),Brand Designer디자인 ・ 브랜딩 ・ BX,2025-09-18 04:36:57
토스(비바리퍼블리카),Platform Designer디자인 ・ UI ・ 디자인시스템,2025-09-18 04:36:57
토스(비바리퍼블리카),Security Policy Team Leader보안 ・ 정책 ・ 금융보안 ・ 컴플라이언스 ・,2025-09-18 04:36:57
토스(비바리퍼블리카),Finance Admin세무 ・  회계 ・  재무,2025-09-18 04:36:57
토스(비바리퍼블리카),ML Engineer [산업기능요원/전문연구요원]병역특례 ・ Machine Learning ・ 모델설계 ・ 서빙,2025-09-18 04:36:57
토스(비바리퍼블리카),Data Architect데이터일관성 ・ 품질 ・ 관리프로세스,2025-09-18 04:36:57
토스(비바리퍼블리카),Marketing Assistant비즈니스 ・  마케팅 ・  CRM ・  마케터,2025-09-18 04:36:57
토스(비바리퍼블리카),"Finance Manager (결산/내부회계, 7년 이상)내부회계 ・ 결산 ・ IFRS ・ SAP",2025-09-18 04:36:57
토스(비바리퍼블리카),Payroll Manager인사 ・ 급여 ・ 인사운영,2025-09-18 04:36:57
토스(비바리퍼블리카),CS Strategy Manager경영전략 ・ 고객서비스 ・ 데이터분석 ・ 지표관리,2025-09-18 04:36:57
토스(비바리퍼블리카),Content PDPD ・ 기획 ・ 제작 ・ 콘텐츠,2025-09-18 04:36:57
토스(비바리퍼블리카),Privacy Compliance Manager보안 ・ 정책 ・ 보안 규제 ・ 개인정보보호,2025-09-18 04:36:57
토스(비바리퍼블리카),DBA데이터 ・ Database ・ MySQL ・ Oracle,2025-09-18 04:36:57
토스(비바리퍼블리카),"Brand Design, Director디자인 ・ 브랜딩 ・ BX ・ 리더십",2025-09-18 04:36:57
토스(비바리퍼블리카),Risk Manager경영지원 ・ 리스크 ・ 가맹점 ・ 심사,2025-09-18 04:36:57
토스(비바리퍼블리카),STR Monitoring Specialist자금세탁방지 ・ AML ・ STR ・ STR,2025-09-18 04:36:57
토스(비바리퍼블리카),Credit Strategy Manager신용전략 ・ 정책기획 ・ 데이터분석 ・ SQL,2025-09-18 04:36:57
토스(비바리퍼블리카),Commission Manager비즈니스 ・ 보험영업 ・ 보험설계 ・ 상담 ・ 손해보험,2025-09-18 04:36:57
토스(비바리퍼블리카),Finance Manager,2025-09-18 04:36:57
토스(비바리퍼블리카),Customer Protection Manager (FDS)FDS ・  사기대응,2025-09-18 04:36:57
토스(비바리퍼블리카),Data Engineer [산업기능요원/전문연구요원]병역특례 ・ 데이터 ・ Hadoop ・ Python,2025-09-18 04:36:57
토스(비바리퍼블리카),증권서비스 Manager증권 ・  서비스/상품기획 ・  서비스/상품운영 ・  Product,2025-09-18 04:36:57
토스(비바리퍼블리카),Server Developer [Commerce]Kotlin ・ Java ・ Spring ・ Backend,2025-09-18 04:36:57
토스(비바리퍼블리카),Internal System EngineerVDI ・ AD ・ Windows ・ Linux,2025-09-18 04:36:57
토스(비바리퍼블리카),Marketing Manager비즈니스 ・  마케팅,2025-09-18 04:36:57
토스(비바리퍼블리카),Test Automation Engineer테스트자동화 ・  QA ・  Python ・  Appium,2025-09-18 04:36:57
토스(비바리퍼블리카),"보험설계사 (위촉직 대면 FC, 직영)비즈니스 ・ 보험영업 ・ 보험설계 ・ 상담 ・ 손해보험",2025-09-18 04:36:57
토스(비바리퍼블리카),[7년 이하 은행권 특별채용] 여신 상품 Manager상품기획 ・ 운영 ・ 규정 ・ 제도,2025-09-18 04:36:57
토스(비바리퍼블리카),Product Manager (Internal Product)프로덕트 ・ 제품고도화 ・ 서비스확장 ・ 운영개선,2025-09-18 04:36:57
토스(비바리퍼블리카),Technical Writer (Commerce)기술 문서 ・  정보 설계 ・  지식 관리 ・  문서화 문화 ・  일하는 방식,2025-09-18 04:36:57
토스(비바리퍼블리카),Product Operations Manager (Growth)증권 ・  서비스/상품기획 ・  서비스/상품운영 ・  Product ・  광고 ・  마케팅,2025-09-18 04:36:57
토스(비바리퍼블리카),Customer Hero (신입 - 전화/채팅 상담)신입 ・  상담 ・  고객센터 ・  CS,2025-09-18 04:36:57
토스(비바리퍼블리카),Technical Program Manager기술프로젝트관리 ・ 기술조직목표달성 ・ 기술전략,2025-09-18 04:36:57
토스(비바리퍼블리카),General Affairs Specialist경영지원 ・ 총무,2025-09-18 04:36:57
토스(비바리퍼블리카),Product Designer디자인 ・ UX ・ 모바일,2025-09-18 04:36:57
토스(비바리퍼블리카),Node.js Developer [산업기능요원/전문연구요원]병역특례 ・ 개발 ・ TypeScript ・ JavaScript,2025-09-18 04:36:57
토스(비바리퍼블리카),Business Operations Manager경영 ・ 사업지원 ・ 정산,2025-09-18 04:36:57
토스(비바리퍼블리카),Finance Data System Developer데이터 ・ ALM ・ 리스크,2025-09-18 04:36:57
토스(비바리퍼블리카),Network Engineer인프라 ・ 네트워크 ・ 스위치 ・ 방화벽,2025-09-18 04:36:57
토스(비바리퍼블리카),Recruiting Business Partner인사 ・ 채용 ・ 채용운영 ・ 채용기획,2025-09-18 04:36:57
토스(비바리퍼블리카),Technical Product Manager제품고도화 ・  서비스확장 ・  기술제품,2025-09-18 04:36:57
토스(비바리퍼블리카),Android Developer (React Native)개발 ・ Android ・ Kotlin ・ React Native,2025-09-18 04:36:57
토스(비바리퍼블리카),Marketing Design Assistant디자인 ・ 어시스턴트 ・ 브랜드디자인 ・ 마케팅,2025-09-18 04:36:57
토스(비바리퍼블리카),Operations Enablement Specialist (가맹점 운영)비즈니스 ・  영업지원 ・  가맹점운영 ・  고객대응,2025-09-18 04:36:57
토스(비바리퍼블리카),Sales Operations Manager비즈니스 ・  세일즈 ・  전략 ・  GTM ・  기획 ・  데이터,2025-09-18 04:36:57
토스(비바리퍼블리카),Communications Assistant홍보 ・  PR ・  리서치,2025-09-18 04:36:57
토스(비바리퍼블리카),Ads Policy & Operations Team LeaderAds ・ 운영 ・ 광고 ・ 정책 ・ 리더십,2025-09-18 04:36:57
토스(비바리퍼블리카),Product Design Assistant디자인 ・ 어시스턴트 ・ 포토샵 ・ 일러스트,2025-09-18 04:36:57
토스(비바리퍼블리카),Channel Sales Team Leader세일즈 ・  영업전략 ・  B2B ・  리더십,2025-09-18 04:36:57
토스(비바리퍼블리카),Security Operations Engineer엔드포인트 ・ 네트워크 ・ 솔루션 ・ 접근통제,2025-09-18 04:36:57
토스(비바리퍼블리카),Frontend Developer [산업기능요원/전문연구요원]병역특례 ・ 개발 ・ React ・ TypeScript,2025-09-18 04:36:57
토스(비바리퍼블리카),Enterprise Sales Team Leader (Ads)Business ・ Enterprise ・ 광고 ・ 세일즈 ・ 리더십,2025-09-18 04:36:57
토스(비바리퍼블리카),[7년 이하 은행권 특별채용] 수신 상품 Manager상품기획 ・ 운영 ・ 규정 ・ 제도,2025-09-18 04:36:57
토스(비바리퍼블리카),Customer Guider [토스플랫폼 전화상담]고객상담 ・ 고객서비스 ・ 채팅상담 ・ 금융상담,2025-09-18 04:36:57
토스(비바리퍼블리카),iOS Platform Engineer (React Native)개발 ・ iOS ・ Swift,2025-09-18 04:36:57
토스(비바리퍼블리카),HRBP (Global)HRBP ・ 인사 ・ HR ・ Global,2025-09-18 04:36:57
토스(비바리퍼블리카),Business Data Analyst데이터 ・ 비즈니스 분석 ・ SQL ・ Python,2025-09-18 04:36:57
토스(비바리퍼블리카),Product Design Partner디자인 ・ UX/UI ・ Designer ・ APP,2025-09-18 04:36:57
토스(비바리퍼블리카),Recruiting Strategy Manager채용전략 ・ 채용 ・ 채용기획 ・ 인사,2025-09-18 04:36:57
토스(비바리퍼블리카),Barista경영지원 ・ 서비스 ・ 음료제조,2025-09-18 04:36:57
토스(비바리퍼블리카),ML Engineer [Commerce]Machine Learning ・ MLE ・ 모델 서빙,2025-09-18 04:36:57
토스(비바리퍼블리카),Strategy Manager전략 ・ 인사이트 ・ 데이터,2025-09-18 04:36:57
토스(비바리퍼블리카),금융사기대응 Specialist안심보상제 ・ 전기통신금융사기 ・ 운영 ・ 환급,2025-09-18 04:36:57
토스(비바리퍼블리카),[2025 하반기 토스뱅크 신입채용] Server Developer개발 ・ Server ・ Kotlin ・ Spring,2025-09-18 04:36:57
토스(비바리퍼블리카),Toss Shopping MD생활MD ・  리빙MD ・  생필품MD ・  HPC brand manager ・  상품소싱 ・  파트너십,2025-09-18 04:36:57
토스(비바리퍼블리카),Risk Manager (뱅크)리스크 ・ 내부통제 ・ 자본관리 ・ 운영리스크,2025-09-18 04:36:57
토스(비바리퍼블리카),Sales Specialist (MD 신입)Sales ・  토스쇼핑 ・ 영업 ・  방문 영업 ・  전화 영업 ・  MD,2025-09-18 04:36:57
토스(비바리퍼블리카),Frontend Developer Lead개발 ・ Frontend ・ TypeScript ・ JavaScript,2025-09-18 04:36:57
토스(비바리퍼블리카),Financial Systems Engineer (영업회계시스템)재무데이터 ・ 시스템개발 ・ RDBMS ・ 데이터처리,2025-09-18 04:36:57
토스(비바리퍼블리카),Security Researcher [산업기능요원/전문연구요원]병역특례 ・ 보안 ・ 기술 ・ 웹/앱 보안진단,2025-09-18 04:36:57
토스(비바리퍼블리카),Brand Marketer마케팅 ・  브랜드마케팅,2025-09-18 04:36:57
토스(비바리퍼블리카),iOS Developer개발 ・ iOS ・ Swift,2025-09-18 04:36:57
토스(비바리퍼블리카),Data Product Manager (AI)Data ・ AI ・ ML ・ 제품기획,2025-09-18 04:36:57
토스(비바리퍼블리카),Frontend Developer Assistant (UX)토스 ・ UX ・ UXE ・ Assistant,2025-09-18 04:36:57
토스(비바리퍼블리카),Node.js Developer개발 ・  Typescript ・  Nest.js ・  Node.js,2025-09-18 04:36:57
토스(비바리퍼블리카),Business Marketing Manager마케팅 ・  비즈니스 ・  캠페인 ・  데이터분석 ・  콘텐츠 ・  퍼포먼스,2025-09-18 04:36:57
토스(비바리퍼블리카),IDC Engineer인프라 ・ 시스템 ・  IDC,2025-09-18 04:36:57
토스(비바리퍼블리카),Security Engineer엔드포인트 ・ 네트워크 ・ 솔루션 ・ 접근통제,2025-09-18 04:36:57
토스(비바리퍼블리카),보험업 관련 포지션 인재풀 등록보험 ・ 보험대리점 ・ GA ・ 영업관리,2025-09-18 04:36:57
토스(비바리퍼블리카),Purchasing Manager구매 ・ Purchasing,2025-09-18 04:36:57
토스(비바리퍼블리카),Product Operations Manager (해외대차)증권 ・  서비스/상품기획 ・  서비스/상품운영 ・  Product ・  해외주식 ・  대차,2025-09-18 04:36:57
토스(비바리퍼블리카),AI Platform Team LeaderMachine Learning ・ AI ・ 모델설계 ・ 서빙,2025-09-18 04:36:57
토스(비바리퍼블리카),Collections Manager사후관리 ・  회수 ・  공적구제 ・  매각,2025-09-18 04:36:57
토스(비바리퍼블리카),CS Strategy Team Leader경영전략 ・ 고객서비스 ・ 데이터분석 ・ 지표관리,2025-09-18 04:36:57
토스(비바리퍼블리카),Frontend Developer개발 ・ Frontend ・ TypeScript ・ JavaScript,2025-09-18 04:36:57
토스(비바리퍼블리카),AML Team AssistantCompliance ・ 페이먼츠 ・ 사무보조 ・ 경영지원 ・ 어시스턴트,2025-09-18 04:36:57
토스(비바리퍼블리카),FDS ManagerFDS ・  금융 ・  고객관리 ・  상담,2025-09-18 04:36:57
토스(비바리퍼블리카),IT Auditor내부감사 ・ 컴플라이언스 ・ IT ・ 보안,2025-09-18 04:36:57
토스(비바리퍼블리카),[7년 이하 은행권 특별채용] Customer Success Manager고객센터 ・ VOC ・ CS,2025-09-18 04:36:57
토스(비바리퍼블리카),CRM Platform Specialist비즈니스 ・  세일즈포스 ・  CRM구축 ・  세일즈시스템,2025-09-18 04:36:57
토스(비바리퍼블리카),Fraud Risk Manager이상거래탐지시스템 운영 ・ 리스크관리 ・ FDS,2025-09-18 04:36:57
토스(비바리퍼블리카),Finance Specialist (Treasury)자금 ・  자금운용 ・ 재무 ・  재무회계,2025-09-18 04:36:57
토스(비바리퍼블리카),Leadership Talent Acquisition Manager인사 ・ 임원채용 ・ 아웃바운드,2025-09-18 04:36:57
토스(비바리퍼블리카),Python Developer [산업기능요원/전문연구요원]병역특례 ・ 개발 ・ Python ・ Django,2025-09-18 04:36:57
토스(비바리퍼블리카),DevOps Engineer [산업기능요원/전문연구요원]병역특례 ・ 개발 ・ CI/CD ・ Kubernetes,2025-09-18 04:36:57
토스(비바리퍼블리카),HR Coordinator (보훈특별채용)인사 ・ 채용 ・ 오퍼레이션 ・ HR,2025-09-18 04:36:57
토스(비바리퍼블리카),Business Operations Specialist비즈니스 ・  결제 ・  운영 ・  서비스 ・  심사,2025-09-18 04:36:57
토스(비바리퍼블리카),Customer Guider (전화 상담)고객상담 ・ 고객서비스 ・ 멀티상담 ・ 전화상담,2025-09-18 04:36:57
토스(비바리퍼블리카),3D Graphic Design Assistant3D Graphic ・ 그래픽 디자인 ・ 일러스트,2025-09-18 04:36:57
토스(비바리퍼블리카),MDM EngineerMDM ・ PC ・  IT ・  Device,2025-09-18 04:36:57
토스(비바리퍼블리카),Overseas Service Manager야간데스크 ・  해외주식 ・  글로벌데스크 ・  상담,2025-09-18 04:36:57
토스(비바리퍼블리카),Data ScientistData Scientist ・ CSS ・ 전환율 예측 ・ Machine Learning,2025-09-18 04:36:57
토스(비바리퍼블리카),Acceleration Team LeaderBusiness Development ・ Incubating ・ 스타트업 ・ PE ・ 전략컨설팅 ・ Professional Firm,2025-09-18 04:36:57
토스(비바리퍼블리카),Sales Enablement ManagerBusiness ・  세일즈 ・  전략 ・  세일즈교육,2025-09-18 04:36:57
투바이트,게임 Localization 스페인어 프리랜서,2025-09-18 04:36:57
투바이트,현지화 Project Manager (신입/경력),2025-09-18 04:36:57
투바이트,게임 로컬라이제이션 중국어(간체) 번역가 계약직 모집,2025-09-18 04:36:57
투바이트,게임 로컬라이제이션 포르투갈어(브라질) 정규직 모집,2025-09-18 04:36:57
투바이트,게임 로컬라이제이션 베트남어 번역가 프리랜서 모집,2025-09-18 04:36:57
투바이트,게임 로컬라이제이션 아랍어 번역가 프리랜서 모집,2025-09-18 04:36:57
투바이트,게임 Localization 포르투갈어 프리랜서,2025-09-18 04:36:57
투바이트,게임 로컬라이제이션 시니어 영어 정규직(신입/경력) 모집,2025-09-18 04:36:57
투바이트,게임 Localization 중국어(간체) 프리랜서,2025-09-18 04:36:57
투바이트,게임 Localization 독일어 프리랜서,2025-09-18 04:36:57
투바이트,게임 Localization 프랑스어 프리랜서,2025-09-18 04:36:57
투바이트,게임 Localization 일본어 프리랜서,2025-09-18 04:36:57
투바이트,게임 Localization 전문가 프리랜서,2025-09-18 04:36:57
트리노드,부산[부산/경력 3년 이상] 신규 매치 퍼즐- 클라이언트 프로그래머경력,2025-09-18 04:36:57
트리노드,부산[부산or서울(선택)/경력 3년 이상] 모바일 퍼즐 게임 기획자경력,2025-09-18 04:36:57
트리노드,부산[부산or서울(선택)/경력 3년 이상] 생성형 AI 기반 이미지 크리에이터경력,2025-09-18 04:36:57
트리노드,부산[부산/경력 3년 이상] 유튜브 숏폼 애니메이션 애니메이터경력,2025-09-18 04:36:57
트리노드,서울[서울/경력 3년 이상] BI퍼블리싱팀- 데이터 인텔리전스 사업PM경력,2025-09-18 04:36:57
트리노드,부산[부산/경력 1년 이상] 커뮤니케이션팀 - 기업 유튜브 및 사내 콘텐츠 영상 제작 PD경력,2025-09-18 04:36:57
트리노드,서울[서울/경력 7년 이상] 데이터분석팀- 데이터 분석 리더경력,2025-09-18 04:36:57
트리노드,부산[부산/경력 3년 이상] 글로벌(일본) 신규 매치3 - 원화가경력,2025-09-18 04:36:57
트리노드,서울[서울/경력 3년 이상] 유튜브 숏폼 애니메이션 애니메이터경력,2025-09-18 04:36:57
트리노드,부산[부산/경력 3년 이상] 신규 매치 퍼즐 - 스파인 애니메이터경력,2025-09-18 04:36:57
트리노드,부산[부산/경력무관] 재무회계팀- 재무회계/재무기획신입/경력,2025-09-18 04:36:57
트리노드,부산[부산/경력 3년 이상] 신규 매치 퍼즐 - 2D 원화가경력,2025-09-18 04:36:57
트리노드,서울[서울/경력 3년 이상] LLM 기반 풀스택(Full-Stack) 개발자경력,2025-09-18 04:36:57
트리노드,서울[서울/경력 5년 이상] 데이터분석팀- 데이터 엔지니어(Data Engineer)경력,2025-09-18 04:36:57
트리노드,서울[서울/경력 5년 이상] BI퍼블리싱팀- 글로벌 담당 사업PM경력,2025-09-18 04:36:57
트리노드,서울[서울/경력 5년 이상] 데이터분석팀- 데이터분석가경력,2025-09-18 04:36:57
한국타이어앤테크놀로지,접수중[경력] SCM_물류시스템 기획수시일반채용경력D-122025.08.21 ~2025.09.30 23:59,2025-09-18 04:36:57
한국타이어앤테크놀로지,접수중[경력] IT_ SAP SCM Module수시일반채용경력D-122025.08.20 ~2025.09.30 23:59,2025-09-18 04:36:57
한국타이어앤테크놀로지,접수중[경력] 홍보_홍보/CSR수시일반채용경력D-122025.09.03 ~2025.09.30 23:59,2025-09-18 04:36:57
한국타이어앤테크놀로지,접수중[경력] IT_ SAP FCM Module수시일반채용경력D-122025.07.23 ~2025.09.30 23:59,2025-09-18 04:36:57
부스트랩,[라비킷/에르고바디] 온라인 MD (공동구매)라이프케어사업부MD경력 3년 이상정규직부스트랩,2025-09-18 04:36:57
부스트랩,고객 응대 담당자 (CS)경영지원CS경력 무관정규직부스트랩,2025-09-18 04:36:57
부스트랩,[비건이펙트/루아페] 뷰티 일본 MD (경력 1년 이상)뷰티사업부MD경력 1년 이상정규직부스트랩,2025-09-18 04:36:57
부스트랩,🚀인재풀 등록🚀상시 채용인재풀경력 무관부스트랩,2025-09-18 04:36:57
부스트랩,[부스트랩] HRM (인사기획/운영)경영지원HR경력 3년 이상정규직부스트랩,2025-09-18 04:36:57
부스트랩,[에르고바디] 영상PD라이프케어사업부마케팅경력 1~3년정규직부스트랩,2025-09-18 04:36:57
부스트랩,[비건이펙트/루아페] 콘텐츠마케터뷰티사업부콘텐츠마케터경력 1~7년정규직부스트랩,2025-09-18 04:36:57
부스트랩,[에르고바디] 마케팅 팀장라이프케어사업부마케팅경력 5년 이상정규직부스트랩,2025-09-18 04:36:57
부스트랩,[비건이펙트/루아페] 일본사업부 팀장뷰티사업부글로벌경력 5년 이상정규직부스트랩,2025-09-18 04:36:57
부스트랩,[라비킷/에르고바디] 웹디자이너라이프케어사업부디자이너경력 1~5년정규직부스트랩,2025-09-18 04:36:57
부스트랩,[라비킷] 영상PD라이프케어사업부마케팅경력 무관정규직부스트랩,2025-09-18 04:36:57
부스트랩,[라비킷/에르고바디] 글로벌 온라인 MD (일본/미국)라이프케어사업부MD경력 3년 이상정규직부스트랩,2025-09-18 04:36:57
부스트랩,[에르고바디] 브랜드마케터라이프케어사업부마케팅경력 2년 이상정규직부스트랩,2025-09-18 04:36:57
부스트랩,[라비킷/에르고바디] 온라인 MD (쿠팡 로켓배송)라이프케어사업부MD경력 3년 이상정규직부스트랩,2025-09-18 04:36:57
부스트랩,[비건이펙트/루아페] 뷰티 디자인팀 촬영파트 (메인포토)뷰티사업부촬영경력 3년 이상정규직부스트랩,2025-09-18 04:36:57
부스트랩,[라비킷] 브랜드마케터라이프케어사업부마케팅경력 2년 이상정규직부스트랩,2025-09-18 04:36:57
부스트랩,[에르고바디] 마케팅 부팀장라이프케어사업부마케팅경력 3년 이상정규직부스트랩,2025-09-18 04:36:57
부스트랩,[에르고바디] 콘텐츠마케터 (헬스케어)라이프케어사업부마케팅경력 무관정규직부스트랩,2025-09-18 04:36:57
부스트랩,[비건이펙트/루아페] 퍼포먼스마케터뷰티사업부퍼포먼스마케터경력 1년 이상정규직부스트랩,2025-09-18 04:36:57
부스트랩,[비건이펙트/루아페] 뷰티 퍼포먼스 마케터 (경력 5년 이상)뷰티사업부마케팅경력 5년 이상정규직부스트랩,2025-09-18 04:36:57
셀리맥스,마케팅팀마케팅마케팅 지원경력 무관아르바이트(주)앱솔브랩 본사,2025-09-18 04:36:57
셀리맥스,해외영업팀마케팅마케팅경력 무관인턴(주)앱솔브랩 본사,2025-09-18 04:36:57
셀리맥스,cx팀cscs 지원경력 무관아르바이트(주)앱솔브랩 본사,2025-09-18 04:36:57
셀리맥스,경영지원팀HRHR 지원아르바이트(주)앱솔브랩 본사,2025-09-18 04:36:57
셀리맥스,마케팅경력 무관아르바이트(주)앱솔브랩 본사,2025-09-18 04:36:57
셀리맥스,cscs 지원아르바이트(주)앱솔브랩 본사,2025-09-18 04:36:57
셀리맥스,해외영업팀B2B 영업지원경력 무관계약직(주)앱솔브랩 본사,2025-09-18 04:36:57
셀리맥스,경영지원팀총무경력 무관아르바이트(주)앱솔브랩 본사,2025-09-18 04:36:57
비나우,[해외] '25 AMOREPACIFIC Japan_LANEIGE Product Marketing_Assistant Manager,2025-09-18 04:36:57
비나우,[경력] '25년 AMOREPACIFIC 경력채용_마케팅 커뮤니케이션 담당,2025-09-18 04:36:57
비나우,[해외] '25 AMOREPACIFIC Japan_AESTURA Product Marketing Staff,2025-09-18 04:36:57
비나우,[경력] '25년 AMOREPACIFIC 경력채용_브랜드 GTM 담당,2025-09-18 04:36:57
비나우,[경력] '25년 AMOREPACIFIC 경력채용_글로벌 인플루언서 마케팅 담당,2025-09-18 04:36:57
비나우,[경력] '25년 AMOREPACIFIC 경력채용_글로벌 소셜/콘텐츠 마케팅 담당,2025-09-18 04:36:57
비나우,[경력] '25년 INNISFREE 경력채용_브랜드전략(Brand Product Strategy),2025-09-18 04:36:57
비나우,[기간연장][경력] '25년 AMOREPACIFIC 경력채용_마케팅 커뮤니케이션 담당,2025-09-18 04:36:57
비나우,[경력] '25년 AMOREPACIFIC 경력채용_글로벌 HR(북미) 담당,2025-09-18 04:36:57
비나우,[경력] '25년 ETUDE 경력채용_상품기획_BM팀,2025-09-18 04:36:57
비나우,[경력] '25년 AMOREPACIFIC 경력채용_미국 아마존 디지털 마케팅 담당,2025-09-18 04:36:57
비나우,[경력] '25년 INNISFREE 경력채용_글로벌 마케팅 커뮤니케이션,2025-09-18 04:36:57
비나우,[경력] '25년 INNISFREE 경력채용_브랜드 디자인(비주얼콘텐츠디렉팅),2025-09-18 04:36:57
비나우,[경력] '25년 AMOREPACIFIC 경력채용_GTM(영업) 담당,2025-09-18 04:36:57
비나우,[신입] '25년도 COSVISION 전임직 신입채용_유틸리티 관리,2025-09-18 04:36:57
비나우,[경력] '25년 AMOREPACIFIC 경력채용_Global Talent Management 담당,2025-09-18 04:36:57
크레이버,[경력] 일본 온라인 채널 MD (파트장급)상시채용일반직Product&MDMD경력 3년 이상정규직비나우 본사,2025-09-18 04:36:57
크레이버,[경력] 넘버즈인 국내 마케팅상시채용일반직MarketingBrand경력 3~6년정규직비나우 본사,2025-09-18 04:36:57
크레이버,[경력] 글로벌(북미) 넘버즈인 마케터상시채용일반직MarketingGlobal경력 3년 이상정규직비나우 본사,2025-09-18 04:36:57
크레이버,[경력] VMD 공간디자이너 (신규브랜드)상시채용일반직DesignVMD경력 2~4년정규직비나우 본사,2025-09-18 04:36:57
크레이버,[경력] 상품기획 / 제품개발 BM (메이크업)상시채용일반직Product&MDBM (상품기획)경력 1~3년정규직비나우 본사,2025-09-18 04:36:57
크레이버,[신입/경력] 품질관리_전임직상시채용전임직Product&MDQC/RA경력 무관정규직비나우 본사,2025-09-18 04:36:57
와이어트 ,SCM실SCM경력 15 ~ 20년정규직와이어트,2025-09-18 04:36:57
와이어트 ,미국IMC팀브랜드마케터경력 4 ~ 9년정규직와이어트,2025-09-18 04:36:57
와이어트 ,품질관리팀품질관리경력 2 ~ 5년정규직와이어트,2025-09-18 04:36:57
와이어트 ,크리에이티브팀디자인BX디자이너경력 3 ~ 9년정규직와이어트,2025-09-18 04:36:57
와이어트 ,해외사업팀해외사업B2B경력 2 ~ 10년정규직와이어트,2025-09-18 04:36:57
와이어트 ,미국IMC팀브랜드마케터경력 1 ~ 4년정규직와이어트,2025-09-18 04:36:57
와이어트 ,웹디자인팀디자인웹디자이너경력 4 ~ 8년정규직와이어트,2025-09-18 04:36:57
와이어트 ,People&Culture팀HR경력 10 ~ 18년정규직와이어트,2025-09-18 04:36:57
와이어트 ,정보보안팀정보보안경력 2년 이하정규직와이어트,2025-09-18 04:36:57
와이어트 ,법무팀법무경력 10 ~ 12년정규직와이어트,2025-09-18 04:36:57
와이어트 ,글로벌BM팀브랜드마케터경력 3 ~ 7년정규직와이어트,2025-09-18 04:36:57
와이어트 ,콘텐츠제작팀포토리터쳐신입인턴와이어트,2025-09-18 04:36:57
와이어트 ,미국IMC팀브랜드마케터경력 8 ~ 15년정규직와이어트,2025-09-18 04:36:57
와이어트 ,틱톡파트글로벌마케팅틱톡마케터경력 3 ~ 6년정규직와이어트,2025-09-18 04:36:57
와이어트 ,해외사업팀글로벌마케팅글로벌마케터경력 4 ~ 7년정규직와이어트,2025-09-18 04:36:57
와이어트 ,물류팀물류경력 4 ~ 10년정규직와이어트,2025-09-18 04:36:57
와이어트 ,일본사업팀해외사업경력 10 ~ 15년정규직와이어트,2025-09-18 04:36:57
와이어트 ,구매팀구매경력 6 ~ 9년정규직와이어트,2025-09-18 04:36:57
와이어트 ,일본사업팀온라인MD경력 4 ~ 10년정규직와이어트,2025-09-18 04:36:57
와이어트 ,글로벌BM팀BM브랜드매니저경력 4 ~ 9년정규직와이어트,2025-09-18 04:36:57
와이어트 ,해외사업팀해외사업MD경력 3 ~ 6년정규직와이어트,2025-09-18 04:36:57
와이어트 ,어노브IMC팀브랜드마케터경력 7 ~ 12년정규직와이어트,2025-09-18 04:36:57
와이어트 ,경영기획팀경영기획경력 3 ~ 7년정규직와이어트,2025-09-18 04:36:57
와이어트 ,어노브IMC파트브랜드마케터경력 1 ~ 4년정규직와이어트,2025-09-18 04:36:57
현대건설,법무실 영미권 변호사 채용 (해외법무 분야),2025-09-18 04:36:57
현대건설,NewEnergy PJT 채용 (총노무),2025-09-18 04:36:57
현대건설,법무실 국내 변호사 채용 (컴플라이언스 분야),2025-09-18 04:36:57
현대건설,플랜트 샤힌 에틸렌시설 건설공사 PJT 채용,2025-09-18 04:36:57
현대건설,플랜트 사우디 기능직 채용 (전기),2025-09-18 04:36:57
현대건설,2025 하반기 외국인 유학생 채용,2025-09-18 04:36:57
현대건설,NewEnergy 루마니아 원전 PJT 채용 (총노무),2025-09-18 04:36:57
현대건설,NewEnergy 루마니아 원전 PJT채용 (원가사무),2025-09-18 04:36:57
현대건설,건축주택 PJT 채용 (총노무),2025-09-18 04:36:57
현대건설,토목 PJT 채용 (총노무),2025-09-18 04:36:57
현대건설,2025 하반기 현대건설 신입사원 채용,2025-09-18 04:36:57
현대건설,플랜트 PJT 채용 (총노무),2025-09-18 04:36:57
현대건설,Bulgarian Recruitment (Talent DB pool),2025-09-18 04:36:57
현대건설,사내영어 강사 채용 (원어민/교포),2025-09-18 04:36:57
현대건설,H서비스센터 전문계약직 수시 채용,2025-09-18 04:36:57
롯데,2025년 9월 롯데호텔 신입사원 채용 I'M전형,2025-09-18 04:36:57
롯데,2025년 9월 롯데홈쇼핑 주니어 경력사원 채용(Skilled New Starter전형),2025-09-18 04:36:57
롯데,2025년 9월 롯데알미늄 재무회계 경력사원 채용,2025-09-18 04:36:57
롯데,2025년 9월 롯데케미칼 첨단소재사업 여수공장 연구지원직 신입채용,2025-09-18 04:36:57
롯데,2025년 9월 롯데글로벌로지스 경력사원 채용 (프라이싱),2025-09-18 04:36:57
롯데,2025년 9월 롯데월드 캐릭터 상품 기획 및 디자인 경력사원 채용공고,2025-09-18 04:36:57
롯데,2025년 9월 롯데이네오스화학 생산직 신입사원 채용 일반전형,2025-09-18 04:36:57
롯데,2025년 9월 캐논코리아 경력사원(계약직) 채용,2025-09-18 04:36:57
롯데,2025년 9월 롯데GRS 신입사원 채용(채용연계형 인턴십)/기간연장,2025-09-18 04:36:57
롯데,2025년 9월 롯데바이오로직스 경력사원 채용,2025-09-18 04:36:57
롯데,2025년 9월 롯데자이언츠 외국인 선수 스카우트 계약직 신입사원 채용,2025-09-18 04:36:57
롯데,2025년 9월 롯데상사 경력사원 채용 (농산물영업),2025-09-18 04:36:57
롯데,2025년 9월 롯데엠시시 신입사원 채용 일반전형,2025-09-18 04:36:57
롯데,2025년 9월 롯데호텔 신입사원 채용 일반전형,2025-09-18 04:36:57
네이버웹툰,[네이버웹툰] 컷츠 서비스 Back-End 개발 (경력)모집 부서Tech모집 분야Backend모집 경력경력근로 조건정규모집 기간2025.09.17 ~ 2025.09.28,2025-09-18 04:36:57
네이버웹툰,[네이버웹툰] ML 플랫폼/추천시스템 개발 (경력)모집 부서Tech모집 분야AI/ML모집 경력경력근로 조건정규모집 기간2025.09.17 ~ 2025.10.12,2025-09-18 04:36:57
네이버웹툰,[네이버웹툰] 컷츠 서비스 Android 개발 (경력)모집 부서Tech모집 분야Android모집 경력경력근로 조건정규모집 기간2025.09.17 ~ 2025.09.28,2025-09-18 04:36:57
네이버웹툰,[네이버웹툰] 세무 담당 (Tax) (경력)모집 부서Corporate모집 분야세무모집 경력경력근로 조건정규모집 기간2025.09.05 ~ 2025.09.25,2025-09-18 04:36:57
네이버웹툰,[네이버웹툰] 시리즈 그로스 마케터 (체험형 인턴)모집 부서Service & Business모집 분야Content Development모집 경력신입근로 조건인턴모집 기간2025.09.11 ~ 2025.09.21,2025-09-18 04:36:57
네이버웹툰,[네이버웹툰] 네이버웹툰 그로스 마케터 (체험형 인턴)모집 부서Service & Business모집 분야Content Development모집 경력신입근로 조건인턴모집 기간2025.09.12 ~ 2025.09.21,2025-09-18 04:36:57
네이버웹툰,라인,2025-09-18 04:36:57
네이버웹툰,네이버 카페,2025-09-18 04:36:57
네이버웹툰,링크드인,2025-09-18 04:36:57
네이버웹툰,카카오톡,2025-09-18 04:36:57
네이버웹툰,[네이버웹툰] KR Content Creative 영상 제작 지원 (체험형 인턴)모집 부서Service & Business모집 분야Content Development모집 경력신입근로 조건인턴모집 기간2025.09.01 ~ 2025.09.21,2025-09-18 04:36:57
네이버웹툰,페이스북,2025-09-18 04:36:57
네이버웹툰,네이버 블로그,2025-09-18 04:36:57
네이버웹툰,[네이버웹툰] Data Platform Engineer (경력)모집 부서Tech모집 분야Data Engineering모집 경력경력근로 조건정규모집 기간2025.09.04 ~ 2025.09.21,2025-09-18 04:36:57
네이버웹툰,[네이버웹툰] 캐릭터 AI 모델 기획 및 테스트 (체험형 인턴)모집 부서Service & Business모집 분야Product Development모집 경력신입근로 조건인턴모집 기간2025.09.17 ~ 2025.09.28,2025-09-18 04:36:57
네이버웹툰,[네이버웹툰] Analytics Engineer (경력)모집 부서Tech모집 분야Data Engineering모집 경력경력근로 조건정규모집 기간2025.09.08 ~ 2025.09.28,2025-09-18 04:36:57
펄어비스,[신입/경력] 셰이더 디자이너 모집상시채용상시채용신입·경력정규직과천#Photoshop#Blender#HLSL#Substance Designer아트배경 모델 & 컨셉 & 레벨신입·경력정규직과천,2025-09-18 04:36:57
펄어비스,시나리오 및 대사 설정 담당자상시채용상시채용경력무관계약직과천게임 디자인시나리오경력무관계약직과천,2025-09-18 04:36:57
펄어비스,웹 서비스 기획자 모집상시채용상시채용경력무관계약직과천게임 서비스웹 서비스경력무관계약직과천,2025-09-18 04:36:57
펄어비스,게임플레이 프로그래머 모집상시채용상시채용경력정규직과천#C++프로그래밍게임 플레이경력정규직과천,2025-09-18 04:36:57
펄어비스,게임기획 직군별 모집상시채용상시채용경력무관계약직과천게임 디자인전체경력무관계약직과천,2025-09-18 04:36:57
펄어비스,[경력] 구매 담당자 모집상시채용상시채용경력정규직과천#영어#MS Office경영지원총무경력정규직과천,2025-09-18 04:36:57
펄어비스,[아르바이트] 게임 번역가 모집상시채용상시채용경력무관아르바이트과천#포르투갈어#스페인어(유럽)게임 서비스로컬라이제이션경력무관아르바이트과천,2025-09-18 04:36:57
펄어비스,게임 엔진 프로그래머 모집상시채용상시채용경력정규직과천#C++#Real Time Rendering프로그래밍게임 엔진경력정규직과천,2025-09-18 04:36:57
펄어비스,[경력] 대만 마케팅 담당자 모집 (펄어비스 자회사 소속)상시채용상시채용경력정규직대만사업마케팅경력정규직대만,2025-09-18 04:36:57
펄어비스,[신입/경력] 검은사막 PC 일본 운영 담당자 모집상시채용상시채용경력무관정규직과천#일본어게임 서비스게임 운영경력무관정규직과천,2025-09-18 04:36:57
펄어비스,[신입/경력] 검은사막 모바일 글로벌 사업 담당자 모집상시채용상시채용신입·경력계약직과천#MS Office게임 서비스게임 운영신입·경력계약직과천,2025-09-18 04:36:57
펄어비스,[게임기획] 타업계 경력자 채용상시채용상시채용경력무관정규직과천게임 디자인전체경력무관정규직과천,2025-09-18 04:36:57
펄어비스,게임 번역가 모집상시채용상시채용경력무관계약직과천#포르투갈어#스페인어(유럽)게임 서비스로컬라이제이션경력무관계약직과천,2025-09-18 04:36:57
펄어비스,[경력] 게임 공식 채널 영상 디자이너상시채용상시채용경력계약직과천사업마케팅경력계약직과천,2025-09-18 04:36:57
펄어비스,[신입] 시스템 엔지니어 모집상시채용상시채용신입정규직과천개발 지원IT 인프라신입정규직과천,2025-09-18 04:36:57
펄어비스,[신입] 검은사막 고객 서비스 담당자 모집상시채용상시채용신입계약직과천게임 서비스게임 운영신입계약직과천,2025-09-18 04:36:57
펄어비스,[신입/경력] 모바일 마케팅 담당자 모집상시채용상시채용신입·경력·경력무관정규직과천사업마케팅신입·경력·경력무관정규직과천,2025-09-18 04:36:57
펄어비스,[신입/경력] 검은사막 모바일 고객 서비스 담당자 모집상시채용상시채용신입·경력·경력무관계약직과천게임 서비스전체신입·경력·경력무관계약직과천,2025-09-18 04:36:57
펄어비스,인재 Pool인재풀인재풀신입·경력·경력무관정규직·계약직·인턴·아르바이트·프리랜서과천기타기타신입·경력·경력무관정규직·계약직·인턴·아르바이트·프리랜서과천,2025-09-18 04:36:57
펄어비스,검은사막 온라인 게임플레이 프로그래머 모집상시채용상시채용경력정규직과천#C++프로그래밍게임 플레이경력정규직과천,2025-09-18 04:36:57
펄어비스,[아르바이트] 콘솔 게임 QA 아르바이트 모집상시채용상시채용경력무관아르바이트과천게임 서비스QA경력무관아르바이트과천,2025-09-18 04:36:57
펄어비스,[경력] 검은사막 PC 한국 운영 담당자 모집상시채용상시채용경력정규직과천게임 서비스게임 운영경력정규직과천,2025-09-18 04:36:57
이노션에스,소셜 미디어 운영 담당자 (매니저) / 계약직,2025-09-18 04:36:57
이노션에스,글로벌 솔루션 본부 소셜 AE (시니어 매니저) / 계약직,2025-09-18 04:36:57
이노션에스,국내 솔루션 본부 소셜 AE (매니저) / 계약직,2025-09-18 04:36:57
이노션에스,글로벌 솔루션 본부 소셜 AE (매니저) / 계약직,2025-09-18 04:36:57
이노션에스,글로벌 솔루션 본부 AE (팀장),2025-09-18 04:36:57
이노션에스,제작 솔루션 본부 아트 디렉터 (시니어 매니저) / 계약직,2025-09-18 04:36:57
이노션에스,글로벌 솔루션 본부 AE (일본인) / 계약직,2025-09-18 04:36:57
이노션에스,글로벌 솔루션 본부 일본 AE(인턴),2025-09-18 04:36:57
이노션에스,제작 솔루션 본부 카피라이터 (시니어 매니저) / 계약직,2025-09-18 04:36:57
이노션에스,글로벌 솔루션 본부 소셜 AE (중화권 인재 채용) / 계약직,2025-09-18 04:36:57
이노션에스,제작 솔루션 본부 아트 디렉터 (매니저) / 계약직,2025-09-18 04:36:57
이노션에스,국내 솔루션 본부 소셜 AE (시니어 매니저) / 계약직,2025-09-18 04:36:57
이노션에스,제작 솔루션 본부 카피라이터 (매니저) / 계약직,2025-09-18 04:36:57
이노션에스,제작 솔루션 본부 그래픽(영상) 디자이너 (매니저) / 계약직,2025-09-18 04:36:57
리디,숏드라마 제작 AI Project Manager (Global/JP)콘텐츠 비즈니스경력 3년 이상정규직리디 주식회사,2025-09-18 04:36:57
리디,Product Design Lead디자인경력 8년 이상정규직리디 주식회사,2025-09-18 04:36:57
리디,Product Manager (추천/탐색)Tech경력 5년 이상정규직리디 주식회사,2025-09-18 04:36:57
리디,Senior Backend Engineer (Global/EN)Tech경력 7년 이상정규직리디 주식회사,2025-09-18 04:36:57
리디,인재풀 (전직군)인재풀경력 무관정규직리디 주식회사,2025-09-18 04:36:57
리디,Mobile EngineerTech신입정규직리디 주식회사,2025-09-18 04:36:57
리디,Product ManagerTech경력 5년 이상정규직리디 주식회사,2025-09-18 04:36:57
리디,숏드라마 콘텐츠 운영 담당자 (Short drama Content Operations Manager)콘텐츠 비즈니스경력 3년 이상정규직리디 주식회사,2025-09-18 04:36:57
리디,Senior Fullstack EngineerTech경력 8년 이상정규직리디 주식회사,2025-09-18 04:36:57
리디,Senior Mobile EngineerTech경력 8년 이상정규직리디 주식회사,2025-09-18 04:36:57
리디,Marketing Asset Producer (Global/JP)콘텐츠 비즈니스경력 5년 이상정규직리디 주식회사,2025-09-18 04:36:57
리디,Frontend EngineerTech신입정규직리디 주식회사,2025-09-18 04:36:57
리디,리크루팅 코디네이터경영지원경력 1년 이상계약직,2025-09-18 04:36:57
리디,HRBP경영지원경력 5년 이상정규직리디 주식회사,2025-09-18 04:36:57
리디,웹툰 각색 작가(스토리 담당자)리디 웹툰 스튜디오경력 1~5년정규직리디 주식회사,2025-09-18 04:36:57
리디,"[전문연구요원] Junior Software EngineerTech신입병역특례리디 주식회사2025. 10. 10, 08:59까지",2025-09-18 04:36:57
리디,웹툰/웹소설 IP제작 지원팀 팀장콘텐츠 비즈니스경력 10년 이상정규직리디 주식회사,2025-09-18 04:36:57
리디,BL 웹소설 PD콘텐츠 비즈니스경력 3~5년정규직리디 주식회사,2025-09-18 04:36:57
리디,퍼포먼스 마케터 (Global/JP)마케팅/홍보경력 3년 이상정규직리디 주식회사,2025-09-18 04:36:57
리디,Fullstack EngineerTech신입정규직리디 주식회사,2025-09-18 04:36:57
리디,React Native EngineerTech신입정규직리디 주식회사,2025-09-18 04:36:57
리디,Senior Frontend EngineerTech경력 8년 이상정규직리디 주식회사,2025-09-18 04:36:57
리디,웹툰 각색/콘티 작가리디 웹툰 스튜디오경력 1년 이상정규직리디 주식회사,2025-09-18 04:36:57
리디,개인정보보호 담당자Tech경력 3년 이상정규직리디 주식회사,2025-09-18 04:36:57
리디,"Full Stack Software Engineer (Golang, Flutter) (Global/JP)Tech경력 5년 이상정규직리디 주식회사",2025-09-18 04:36:57
리디,로맨스 웹소설 PD콘텐츠 비즈니스경력 1~3년정규직리디 주식회사,2025-09-18 04:36:57
리디,숏드라마 제작 PD (Global/JP)콘텐츠 비즈니스경력 5년 이상정규직리디 주식회사,2025-09-18 04:36:57
리디,Customer Support Specialist (Global/JP)경영지원경력 3년 이상계약직리디 주식회사,2025-09-18 04:36:57
리디,웹툰 오리지널 스토리 작가(스토리 담당자)리디 웹툰 스튜디오경력 1~3년계약직리디 주식회사,2025-09-18 04:36:57
리디,BL 웹툰 MD콘텐츠 비즈니스경력 0~3년정규직리디 주식회사,2025-09-18 04:36:57
리디,웹툰 PD리디 웹툰 스튜디오경력 2~5년정규직리디 주식회사,2025-09-18 04:36:57
리디,Senior Frontend Engineer (Global)Tech경력 8년 이상정규직리디 주식회사,2025-09-18 04:36:57
리디,TABP (Talent Acquisition Business Partner)경영지원경력 7~12년정규직리디 주식회사,2025-09-18 04:36:57
리디,Senior Backend EngineerTech경력 8년 이상정규직리디 주식회사,2025-09-18 04:36:57
리디,Backend EngineerTech신입정규직리디 주식회사,2025-09-18 04:36:57
리디,CRM 마케터마케팅/홍보경력 5~10년정규직리디 주식회사,2025-09-18 04:36:57
리디,Senior Product Manager (Global/JP)Tech경력 12년 이상정규직리디 주식회사,2025-09-18 04:36:57
리디,Senior React Native EngineerTech경력 8년 이상정규직리디 주식회사,2025-09-18 04:36:57
리디,Global Content MD (EN)콘텐츠 비즈니스경력 2~5년정규직리디 주식회사,2025-09-18 04:36:57
리디,숏드라마 기획 PD (Global/JP)콘텐츠 비즈니스경력 7년 이상정규직리디 주식회사,2025-09-18 04:36:57
리디,선화 어시스턴트리디 웹툰 스튜디오경력 1~2년정규직리디 주식회사,2025-09-18 04:36:57
KBS(미디어),접수마감2025년 KBS미디어 신입/경력사원 공개채용공채일반채용신입/경력2025.07.22 ~2025.08.04 18:00,2025-09-18 04:36:57
한화,신입경력한화손해보험한화손해보험(주) 고객지원센터 계약직 채용(창원),2025-09-18 04:36:57
한화,경력한화시스템/ICTSmart Yard 경력사원 상시채용,2025-09-18 04:36:57
한화,경력한화생명[한화생명] 공인노무사 경력 채용(대리~과장급),2025-09-18 04:36:57
한화,경력한화시스템/ICT[한화시스템] 인사팀 채용담당자 경력사원 채용,2025-09-18 04:36:57
한화,경력한화파워시스템[한화파워시스템] 재무팀 (해외재무) 경력사원 채용,2025-09-18 04:36:57
한화,신입한화시스템/ICT2025년 하반기 한화시스템 ICT 부문 신입사원 채용,2025-09-18 04:36:57
한화,경력한화솔루션/큐셀[제조본부 한국공장] 한국공장 인사담당자 경력사원 모집,2025-09-18 04:36:57
한화,경력한화엔진2025년 한화엔진 경력사원 채용,2025-09-18 04:36:57
한화,경력한화푸드테크THE PLAZA 호텔 조리기획 경력사원 채용,2025-09-18 04:36:57
한화,경력한화시스템/ICTCloud 운영/개발 경력사원 채용,2025-09-18 04:36:57
한화,경력한화투자증권[한화투자증권] 경력 변호사 채용,2025-09-18 04:36:57
한화,경력한화시스템/ICT한화시스템 ICT부문 전략기획 담당자 경력사원 채용,2025-09-18 04:36:57
한화,경력한화시스템/ICTSAP ERP PS 모듈 운영/개발 경력사원 채용,2025-09-18 04:36:57
한화,신입인턴한화솔루션/전략부문'25년 하반기 한화솔루션 재무 신입(인턴) 채용,2025-09-18 04:36:57
한화,경력한화세미텍[한화세미텍] 반도체 후공정 장비 모션 제어 설계 채용,2025-09-18 04:36:57
한화,경력한화오션(주)[경영지원] 국내/국제법무 경력사원 채용,2025-09-18 04:36:57
한화,경력한화시스템/ICTSmart Factory 경력사원 상시채용,2025-09-18 04:36:57
한화,경력한화에어로스페이스한화에어로스페이스 PGM사업부 여수사업장 보건관리자 채용(계약직),2025-09-18 04:36:57
한화,신입인턴한화오션(주)2025년 하반기 레디오션 채용전환형 인턴십,2025-09-18 04:36:57
한화,경력(재)한화문화재단퐁피두센터 한화 서울 프로덕션 매니저 채용,2025-09-18 04:36:57
한화,경력한화컴파운드노무관리 담당자 경력사원 채용 모집요강,2025-09-18 04:36:57
한화,신입경력한화손해보험한화손해보험(주) 계약직 채용 - 기업보험부문 사무보조 채용,2025-09-18 04:36:57
한화,경력한화오션(주)[한화오션] 경력사원 상시채용: 인재 Pool 등록,2025-09-18 04:36:57
한화,신입㈜에프지코리아파이브가이즈(FIVE GUYS) 매장 직원 채용,2025-09-18 04:36:57
한화,경력한화시스템/ICT물류 솔루션(WMS/WCS) 개발 경력사원 채용,2025-09-18 04:36:57
한화,경력㈜에프지코리아파이브가이즈 매장 경력직 채용(5년 이상),2025-09-18 04:36:57
한화,신입인턴한화엔진[한화엔진] 2025년 전문직(인턴십) 채용,2025-09-18 04:36:57
한화,경력(재)한화문화재단퐁피두센터 한화 서울 인하우스 디자이너 채용,2025-09-18 04:36:57
한화,경력한화시스템/방산한화시스템 제주한화우주센터 품질보증 담당 경력사원 채용,2025-09-18 04:36:57
한화,"경력한화모멘텀㈜[한화모멘텀㈜] 이차전지 소재공정 엔지니어 경력채용(기계설계, 제어설계)",2025-09-18 04:36:57
한화,경력한화시스템/방산한화시스템 제안서 전략 및 작가 담당 계약직 채용,2025-09-18 04:36:57
한화,경력한화컴파운드환경안전 실무 담당 경력사원 채용 모집요강,2025-09-18 04:36:57
한화,경력한화오션(주)[제조총괄] 생산공정 스마트화·자동화 경력사원 채용,2025-09-18 04:36:57
한화,신입인턴한화솔루션/케미칼'25년 하반기 신입사원 채용,2025-09-18 04:36:57
한화,경력한화시스템/ICT선박 엔진 제조 PLM/CAD 운영 담당자,2025-09-18 04:36:57
한화,경력한화시스템/ICT한화손해보험 시스템 운영 관리 경력사원 채용,2025-09-18 04:36:57
한화,경력한화파워시스템[한화파워시스템] 선박솔루션사업부 경력사원 상시 채용,2025-09-18 04:36:57
한화,경력한화시스템/ICTData Governance 전문가 경력사원 채용,2025-09-18 04:36:57
한화,경력한화솔루션/큐셀[한화솔루션 큐셀]사업개발 담당 경력사원 채용,2025-09-18 04:36:57
한화,신입한화파워시스템[선박솔루션사업부] 2025년(하) 신입사원 및 석사 채용,2025-09-18 04:36:57
한화,경력한화시스템/ICT인프라 아키텍트(Technical Architect) 경력사원 채용,2025-09-18 04:36:57
한화,경력한화에너지/컨버전스부문[한화에너지 컨버전스사업부] 크레인(CRANE) CS 담당 경력,2025-09-18 04:36:57
한화,경력한화시스템/방산한화시스템 급여 및 복리후생 운영 지원 계약직 채용,2025-09-18 04:36:57
한화,경력한화시스템/ICTMES 개발/프로젝트 경력사원 채용,2025-09-18 04:36:57
한화,경력한화시스템/ICTESG 컨설팅 및 수행 경력사원 채용,2025-09-18 04:36:57
한화,경력한화시스템/ICT물류 자동화 구축 담당 경력사원 채용,2025-09-18 04:36:57
한화,경력한화시스템/ICT조선업 IT 시스템 PI 및 구축 경력사원 채용,2025-09-18 04:36:57
한화,경력한화오션(주)[IT] 인사시스템 개발/운영 경력사원 채용,2025-09-18 04:36:57
한화,경력한화시스템/ICT마케팅 기획 및 채널 운영 경력사원 채용,2025-09-18 04:36:57
한화,신입한화에어로스페이스[정규직 신입] 2025년 하반기 한화에어로스페이스 신입사원 채용,2025-09-18 04:36:57
한화,경력한화시스템/ICTSAP MM 운영/개발 경력사원 채용,2025-09-18 04:36:57
한화,경력한화생명[COE추진팀] 사내 통역사 경력채용,2025-09-18 04:36:57
한화,경력한화토탈에너지스[상시] 경력 인재 Pool 등록,2025-09-18 04:36:57
한화,신입인턴한화엔진[한화엔진] 2025년 하반기 학/석사 신입사원 채용,2025-09-18 04:36:57
한화,신입한화오션(주)[정규직] 2025년 하반기 한화오션 신입사원 및 R&D(석/박사)채용,2025-09-18 04:36:57
한화,경력한화에너지/컨버전스부문[한화에너지 컨버전스사업부] 자동화 기계설계 경력 채용,2025-09-18 04:36:57
한화,경력한화에너지/컨버전스부문[한화에너지 컨버전스사업부] 안전관리자 경력 채용,2025-09-18 04:36:57
한화,경력한화솔루션/인사이트한화솔루션/인사이트 Premium Lifestyle 브랜드전략 채용,2025-09-18 04:36:57
한화,경력한화생명[COE부문] Backend 개발자 (과장급),2025-09-18 04:36:57
한화,경력한화이센셜[한화이센셜] 사업장HR 경력사원 채용,2025-09-18 04:36:57
한화,신입인턴한화손해보험2025년 하반기 한화손해보험 신입사원 채용 (채용전제형 인턴),2025-09-18 04:36:57
한화,신입경력한화에어로스페이스[한화에어로스페이스] 아산사업장 근태담당자 채용(계약직),2025-09-18 04:36:57
한화,"경력한화첨단소재[개발, T/S] 태양광소재 개발 엔지니어 경력사원 상시 모집",2025-09-18 04:36:57
한화,경력한화파워시스템[선박솔루션사업부] 2025년(하) 경력사원 공채,2025-09-18 04:36:57
한화,경력한화모멘텀㈜[한화모멘텀㈜] 법무팀 사내변호사 모집,2025-09-18 04:36:57
한화,경력한화시스템/ICTSAP CO(관리회계/원가) 운영/개발 경력사원 채용,2025-09-18 04:36:57
한화,경력한화솔루션/큐셀[한화솔루션 큐셀]기획·관리회계 담당 경력직 채용,2025-09-18 04:36:57
한화,신입경력한화손해보험한화손해보험(주) 계약직 채용 - 전속영업부문 사무보조 채용(태백),2025-09-18 04:36:57
한화,경력한화엔진[한화엔진] 설비공사 공정관리 (계약직),2025-09-18 04:36:57
한화,경력한화솔루션/케미칼2025년 한화솔루션 케미칼부문 경력사원 상시 채용 공고,2025-09-18 04:36:57
한화,경력한화생명[한화생명]서울 남대문검진센터 의무직(방사선사) 채용,2025-09-18 04:36:57
한화,경력한화파워시스템[한화파워시스템] 전문통번역 비서 채용(계약직),2025-09-18 04:36:57
한화,"경력한화시스템/ICTBusiness Development (사업개발, 수주활동 지원) 경력사원 채용",2025-09-18 04:36:57
한화,경력한화엔엑스엠디[국내영업_기구/전자부품]경력사원  채용,2025-09-18 04:36:57
한화,경력한화시스템/방산한화시스템 사업운영 경력사원 채용,2025-09-18 04:36:57
한화,경력한화파워시스템[한화파워시스템] 회전체설계팀(AMB) 상시 경력사원 채용,2025-09-18 04:36:57
한화,경력한화세미텍[한화세미텍] 반도체 장비 RT SW개발 채용,2025-09-18 04:36:57
한화,경력한화에어로스페이스항공사업부 R&D 박사 상시채용,2025-09-18 04:36:57
한화,경력한화63시티[한화63시티] PM운영팀 경력 채용,2025-09-18 04:36:57
한화,경력한화시스템/ICTSAP ERP 컨설턴트 경력사원 상시채용,2025-09-18 04:36:57
한화,경력한화시스템/방산한화시스템 HR실 경력 채용,2025-09-18 04:36:57
한화,신입인턴한화에어로스페이스[채용연계형 인턴] 2025년 하반기 한화에어로스페이스 신입사원 채용,2025-09-18 04:36:57
한화,신입한화푸드테크THE PLAZA 호텔 F&B신입사원 채용,2025-09-18 04:36:57
한화,신입한화솔루션/큐셀[한화솔루션 큐셀] 2025 하반기 대졸 신입사원 채용,2025-09-18 04:36:57
한화,인재 DB 등록찾으시는 채용 공고가 없다면인재 DB를 등록해보세요.,2025-09-18 04:36:57
한화,경력(재)한화문화재단퐁피두센터 한화 서울 프로그램 매니저 채용,2025-09-18 04:36:57
한화,경력한화시스템/ICTSystem Engineer 제조서비스분야 경력사원 채용,2025-09-18 04:36:57
한화,경력한화시스템/ICTLLM Engineer(AI 서비스 개발) 경력사원 채용,2025-09-18 04:36:57
한화,경력한화시스템/방산한화시스템 동반성장 업무 담당 경력사원 채용,2025-09-18 04:36:57
블렌디드,피플팀과의 커피챗 신청하기☕커피챗경력 무관블렌디드,2025-09-18 04:36:57
블렌디드,[파트타임/주 5일 재택] 홍콩 인플루언서 마케터 파트타이머 (뷰티 브랜드)글로벌중화권 마케터경력 무관계약직재택 근무,2025-09-18 04:36:57
블렌디드,[유연근무/주 2일 재택] 기초 화장품 상품기획자PM프로덕트 매니저경력 1~5년계약직블렌디드,2025-09-18 04:36:57
블렌디드,[전 직무] 인재풀 등록인재풀글로벌외글로벌 비즈니스외경력 무관외정규직블렌디드,2025-09-18 04:36:57
블렌디드,[유연근무/주 1일 재택] 북미 인플루언서 마케터 (뷰티 브랜드)글로벌 마케팅북미 인플루언서 마케터경력 무관정규직블렌디드,2025-09-18 04:36:57
블렌디드,[유연근무/주 1일 재택] 중국 마케터 (뷰티 브랜드)글로벌 마케팅중국 마케터경력 2년 이상정규직블렌디드,2025-09-18 04:36:57
블렌디드,[유연근무/주 1일 재택] 뷰티 브랜드 동남아 마케터글로벌 마케팅동남아 마케터경력 1년 이상정규직블렌디드,2025-09-18 04:36:57
블렌디드,[파트타임/주 5일 재택] 북미 인플루언서 마케터 파트타이머 (뷰티 브랜드)글로벌 마케팅북미 인플루언서 마케터경력 무관계약직재택 근무,2025-09-18 04:36:57
블렌디드,"[재택근무] 재무회계팀 1년 계약직 경력 채용재무회계팀경력 1년 이상계약직재택 근무2025. 09. 30, 14:59까지",2025-09-18 04:36:57
블렌디드,[파트타임/주 5일 재택] 일본 인플루언서 마케터 파트타이머 (뷰티/이너뷰티 브랜드)글로벌 마케팅일본 인플루언서 마케터경력 무관계약직재택 근무,2025-09-18 04:36:57
스노우,[KREAM] BD 매니저 모집모집 부서Service & Business모집 분야Business Development모집 경력경력근로 조건정규모집 기간2025.09.15 ~ 2025.10.13,2025-09-18 04:36:57
스노우,[SNOW] 프로모션/배너 디자인 체험형 인턴모집 부서Design모집 분야Visual Comm. & Brand Design모집 경력신입근로 조건인턴모집 기간2025.09.11 ~ 2025.09.18,2025-09-18 04:36:57
스노우,[NAVER Z] 스티컬리 콘텐츠 운영 담당 (계약직)모집 부서Service & Business모집 분야공통모집 경력무관근로 조건계약모집 기간2025.09.08 ~ 2025.09.22,2025-09-18 04:36:57
스노우,라인,2025-09-18 04:36:57
스노우,네이버 카페,2025-09-18 04:36:57
스노우,[SNOW] 엔터프라이즈 CMS 서비스 웹 프론트엔드 개발자모집 부서Tech모집 분야Frontend모집 경력경력근로 조건정규모집 기간2025.09.08 ~ 2025.09.29,2025-09-18 04:36:57
스노우,[NAVER Z] 일본 마케팅 담당 (계약직)모집 부서Service & Business모집 분야공통모집 경력무관근로 조건계약모집 기간2025.09.16 ~ 2025.09.30,2025-09-18 04:36:57
스노우,[KREAM] Corporate Strategy 담당자 모집모집 부서Corporate모집 분야Corporate Strategy모집 경력경력근로 조건정규모집 기간2025.09.17 ~ 2025.10.15,2025-09-18 04:36:57
스노우,[KREAM] Seller KAM 모집모집 부서Service & Business모집 분야Business Development모집 경력경력근로 조건정규모집 기간2025.09.16 ~ 2025.10.15,2025-09-18 04:36:57
스노우,링크드인,2025-09-18 04:36:57
스노우,카카오톡,2025-09-18 04:36:57
스노우,페이스북,2025-09-18 04:36:57
스노우,[SNOW] 엔터프라이즈 CMS 서비스 UI/UX 디자이너 (계약직)모집 부서Design모집 분야Product Design모집 경력경력근로 조건계약모집 기간2025.09.11 ~ 2025.09.25,2025-09-18 04:36:57
스노우,네이버 블로그,2025-09-18 04:36:57
스노우,[NAVER Z] Android 개발자모집 부서Tech모집 분야Android모집 경력경력근로 조건정규모집 기간2025.09.15 ~ 2025.09.30,2025-09-18 04:36:57
스노우,[KREAM] Service Core Designer 모집모집 부서Design모집 분야Product Design모집 경력경력근로 조건정규모집 기간2025.09.17 ~ 2025.10.15,2025-09-18 04:36:57
마이다스아이티,접수중이탈리아 엔지니어링 솔루션 사업 담당자 채용상시일반채용경력 무관D-32025.06.17 ~2025.09.21 23:59,2025-09-18 04:36:57
마이다스아이티,접수중[전문연구요원] AI/LLM 서비스 개발자 채용(*병역특례)수시일반채용신입/경력D-122025.07.23 ~2025.09.30 23:59,2025-09-18 04:36:57
마이다스아이티,접수중기계 SW 구조해석 기술지원 담당자 채용상시일반채용경력D-122025.09.16 ~2025.09.30 23:59,2025-09-18 04:36:57
마이다스아이티,접수중베트남 사업 영업 담당자 채용상시일반채용신입/경력D-52025.09.09 ~2025.09.23 23:59,2025-09-18 04:36:57
마이다스아이티,접수중[전문연구요원] 역량검사 HR 데이터 분석 및 SW 알고리즘 검수 담당자 채용(*병역특례)상시일반채용신입/경력D-52025.08.26 ~2025.09.23 23:59,2025-09-18 04:36:57
딥다이브,[딥다이브] 총무(GA) 담당자STAFF경력 2년 이상정규직(주)딥다이브,2025-09-18 04:36:57
딥다이브,[딥다이브] 조직문화 담당자STAFF경력 5년 이상정규직(주)딥다이브,2025-09-18 04:36:57
딥다이브,"[딥다이브] 신사업 B2B•B2C 영업지원 담당자SALES경력 0~3년정규직(주)딥다이브2025. 09. 30, 14:59까지",2025-09-18 04:36:57
딥다이브,[베리시] 중국 사업개발 리드GLOBAL경력 5년 이상정규직(주)딥다이브,2025-09-18 04:36:57
딥다이브,[베리시] 글로벌(중화권) 인플루언서 마케터GLOBAL경력 1년 이상정규직(주)딥다이브,2025-09-18 04:36:57
딥다이브,[베리시 성수] 플래그십 스토어 매니저/부매니저STORE경력 3년 이상정규직베리시 성수 플래그십 스토어,2025-09-18 04:36:57
딥다이브,[베리시] 글로벌(북미) 인플루언서 마케터 인턴 (전환형 6개월)GLOBAL경력 무관인턴(주)딥다이브,2025-09-18 04:36:57
딥다이브,[베리시 성수] 플래그십 스토어 파트타이머STORE경력 무관계약직베리시 성수 플래그십 스토어,2025-09-18 04:36:57
딥다이브,[베리시] 글로벌 커머스 MDGLOBAL경력 1년 이상정규직(주)딥다이브,2025-09-18 04:36:57
딥다이브,[베리시] 상품기획실 실장PRODUCT경력 8년 이상정규직(주)딥다이브,2025-09-18 04:36:57
딥다이브,[딥다이브] CEO Staff 리드CEO Staff경력 3년 이상정규직(주)딥다이브,2025-09-18 04:36:57
딥다이브,[베리시] 상품기획실 언더웨어 파트 리드PRODUCT경력 5년 이상정규직(주)딥다이브,2025-09-18 04:36:57
딥다이브,[딥다이브] 글로벌 물류 3PL 오퍼레이션 매니저SCM경력 2년 이상정규직(주)딥다이브,2025-09-18 04:36:57
딥다이브,[베리시] 오프라인 CX 매니저CX경력 1년 이상정규직(주)딥다이브,2025-09-18 04:36:57
딥다이브,[딥다이브] Sales Planning & Distribution intern (전환형 6개월)CEO STAFF인턴(주)딥다이브,2025-09-18 04:36:57
딥다이브,"[베리시] 품질관리 유닛 리드 (QA, QC, RA)SCM경력 5년 이상정규직(주)딥다이브",2025-09-18 04:36:57
딥다이브,[딥다이브] 상품기획 MD 인턴 (6개월 체험형)PRODUCT신입인턴(주)딥다이브,2025-09-18 04:36:57
딥다이브,[베리시] 글로벌(중화권) 인플루언서 마케터 인턴 (전환형 6개월)GLOBAL경력 무관인턴(주)딥다이브,2025-09-18 04:36:57
딥다이브,커피챗 신청하기-경력 무관(주)딥다이브,2025-09-18 04:36:57
딥다이브,[베리시 도산] 플래그십 스토어 StaffSTORE경력 1년 이상정규직베리시 도산 플래그십 스토어,2025-09-18 04:36:57
딥다이브,[베리시] 어패럴 개발/생산/구매 매니저SCM경력 5년 이상정규직(주)딥다이브,2025-09-18 04:36:57
딥다이브,[딥다이브] 오프라인 인사 담당자STAFF경력 1년 이상정규직(주)딥다이브,2025-09-18 04:36:57
딥다이브,[베리시] VMDOFF-SALES경력 3년 이상정규직(주)딥다이브,2025-09-18 04:36:57
딥다이브,[딥다이브] 급여(Payroll) 담당자STAFF경력 3년 이상정규직(주)딥다이브,2025-09-18 04:36:57
딥다이브,[베리시] 패키지 디자이너DESIGN경력 2년 이상정규직(주)딥다이브,2025-09-18 04:36:57
딥다이브,"[딥다이브] SCM 파트 글로벌 S&OP 매니저SCM경력 3년 이상정규직(주)딥다이브2025. 10. 31, 14:59까지",2025-09-18 04:36:57
딥다이브,[베리시] 아트 디렉터VISUAL경력 2년 이상정규직(주)딥다이브,2025-09-18 04:36:57
딥다이브,[딥다이브] 디자인 파트 리드DESIGN경력 6년 이상정규직(주)딥다이브,2025-09-18 04:36:57
딥다이브,인재풀 등록하기인재풀경력 무관(주)딥다이브,2025-09-18 04:36:57
딥다이브,"[딥다이브] 신사업 영업 담당자SALES경력 5년 이상정규직(주)딥다이브2025. 09. 30, 14:59까지",2025-09-18 04:36:57
딥다이브,[베리시] 글로벌(북미) 인플루언서 마케터GLOBAL경력 1년 이상정규직(주)딥다이브,2025-09-18 04:36:57
딥다이브,[딥다이브] Sales Planning & Distribution Lead (SP&D Lead)CEO STAFF경력 8년 이상정규직(주)딥다이브,2025-09-18 04:36:57
딥다이브,"[베리시] 글로벌 콘텐츠 제작 담당자GLOBAL계약직(주)딥다이브2025. 09. 21, 14:59까지",2025-09-18 04:36:57
KBS WORLD Radio - English Service,"[편성전략국 브랜드마케팅부] 연봉직(육아휴직대체인력, 스폿 및 아이디 제작) 채용 공고",2025-09-18 04:36:57
KBS WORLD Radio - English Service,"[수신료국 직할사업지사] 연봉직(퇴직자재고용, 수신료업무지원) 채용 공고",2025-09-18 04:36:57
KBS WORLD Radio - English Service,[교양다큐센터 교양다큐1국] '다큐인사이트' 방송지원직(BB) 자료조사원 채용 공고,2025-09-18 04:36:57
KBS WORLD Radio - English Service,경인취재센터 특정업무직(뉴스진행PD) 채용 공고,2025-09-18 04:36:57
KBS WORLD Radio - English Service,뉴스영상콘텐츠부 특정업무직(영상편집/육아휴직대체인력) 채용 공고,2025-09-18 04:36:57
KBS WORLD Radio - English Service,[보도시사본부 시사제작국] '더 보다' 방송지원직(BB) 자료조사원 채용 공고,2025-09-18 04:36:57
KBS WORLD Radio - English Service,"[디지털뉴스국] 연봉직(육아휴직대체인력, 디지털뉴스 기획 및 제작) 채용 공고",2025-09-18 04:36:57
KBS WORLD Radio - English Service,"[제작기술국] 연봉직(퇴직자재고용, 뉴스밴 중계 제작 지원) 채용 공고",2025-09-18 04:36:57
KBS WORLD Radio - English Service,[보도시사본부 시사제작국] '시사기획 창' 방송지원직(BB) 자료조사원 채용 공고,2025-09-18 04:36:57
KBS WORLD Radio - English Service,"[광주방송총국 총무국] 연봉직(육아휴직대체인력, 행정지원) 채용 공고",2025-09-18 04:36:57
타와이엠,TYMR&D산업디자인Experienced 10 ~ 18 yearsFull TimeTYM 본사,2025-09-18 04:36:57
타와이엠,TYM경영지원내부회계Experienced 2 ~ 10 yearsFull TimeTYM 본사,2025-09-18 04:36:57
타와이엠,TYM마케팅영상편집No experience requiredInternshipTYM 본사,2025-09-18 04:36:57
타와이엠,TYM품질Experienced 4 ~ 10 yearsFull TimeTYM 필터공장,2025-09-18 04:36:57
타와이엠,TYM디지털디지털프로세스혁신Experienced 7 ~ 15 yearsFull TimeTYM 본사,2025-09-18 04:36:57
타와이엠,TYMAIExperienced Less Than 8 year(s)Full TimeTYM 익산공장,2025-09-18 04:36:57
타와이엠,TYM해외영업No experience requiredFull TimeTYM 본사,2025-09-18 04:36:57
타와이엠,TYM경영지원BeginnerFull TimeTYM 본사,2025-09-18 04:36:57
타와이엠,TYMHRHR총괄Experienced More Than 20 year(s)ContractTYM 본사,2025-09-18 04:36:57
타와이엠,TYM연구개발Experienced 5 ~ 15 yearsFull TimeTYM 익산공장,2025-09-18 04:36:57
타와이엠,TYMHRhrdExperienced More Than 5 year(s)Full TimeTYM 본사,2025-09-18 04:36:57
타와이엠,TYM생산기술Experienced Less Than 5 year(s)Full TimeTYM 옥천공장,2025-09-18 04:36:57
타와이엠,TYM품질Experienced 5 ~ 10 yearsFull TimeTYM 옥천공장,2025-09-18 04:36:57
타와이엠,TYMHR인사기획Experienced More Than 7 year(s)Full TimeTYM 본사,2025-09-18 04:36:57
타와이엠,TYM강사Experienced More Than 5 year(s)Full TimeTYM 익산공장,2025-09-18 04:36:57
타와이엠,TYM해외서비스No experience requiredFull TimeTYM 익산공장,2025-09-18 04:36:57
타와이엠,TYM회계Experienced 2 ~ 5 yearsFull TimeTYM 본사,2025-09-18 04:36:57
타와이엠,TYM강사Experienced More Than 3 year(s)Full TimeTYM 익산공장,2025-09-18 04:36:57
타와이엠,TYMR&D설계원가혁신Experienced 3 ~ 15 yearsFull TimeTYM 익산공장,2025-09-18 04:36:57
타와이엠,TYM교육Experienced More Than 3 year(s)Full TimeTYM 익산공장,2025-09-18 04:36:57
타와이엠,TYM영업관리Experienced 2 ~ 3 yearsFull TimeTYM 옥천공장,2025-09-18 04:36:57
타와이엠,TYM마케팅Experienced More Than 15 year(s)Full TimeTYM 본사,2025-09-18 04:36:57
타와이엠,TYMNo experience requiredFull TimeTYM 익산공장,2025-09-18 04:36:57
타와이엠,TYM재무Experienced 2 ~ 3 yearsFull TimeTYM 본사,2025-09-18 04:36:57
타와이엠,TYM품질기획Experienced 3 ~ 10 yearsFull TimeTYM 익산공장,2025-09-18 04:36:57
타와이엠,TYMExperienced 3 ~ 15 yearsFull Time,2025-09-18 04:36:57
타와이엠,TYM구매Experienced 3 ~ 10 yearsFull TimeTYM 익산공장,2025-09-18 04:36:57
타와이엠,TYMR&D설계원가혁신Experienced More Than 15 year(s)TYM 익산공장,2025-09-18 04:36:57
타와이엠,TYM고객서비스Experienced 1 ~ 5 yearsFull TimeTYM 옥천공장,2025-09-18 04:36:57
더핑크퐁컴퍼니,[스마트스터디게임즈] 3D 애니메이터스마트스터디게임즈그래픽 디자이너3D 애니메이터경력 2년 이상정규직스마트스터디게임즈,2025-09-18 04:36:57
더핑크퐁컴퍼니,[스마트스터디게임즈] 이펙터스마트스터디게임즈그래픽 디자이너이펙터경력 1년 이상정규직스마트스터디게임즈,2025-09-18 04:36:57
더핑크퐁컴퍼니,[스마트스터디게임즈] 캐릭터 모델러스마트스터디게임즈그래픽 디자이너경력 1년 이상정규직스마트스터디게임즈,2025-09-18 04:36:57
더핑크퐁컴퍼니,[스마트스터디게임즈] 소프트웨어 엔지니어(개발자)스마트스터디게임즈개발소프트웨어 엔지니어(개발자)경력 3년 이상정규직스마트스터디게임즈,2025-09-18 04:36:57
더핑크퐁컴퍼니,"글로벌 웹 서비스 PM더핑크퐁컴퍼니PM경력 3년 이상정규직더핑크퐁컴퍼니2025. 10. 10, 08:59까지",2025-09-18 04:36:57
더핑크퐁컴퍼니,"공시 담당자더핑크퐁컴퍼니경영지원공시담당자경력 3년 이상정규직더핑크퐁컴퍼니2025. 09. 23, 08:59까지",2025-09-18 04:36:57
더핑크퐁컴퍼니,"글로벌 앱 마케터더핑크퐁컴퍼니마케팅경력 0~5년정규직더핑크퐁컴퍼니2025. 09. 30, 08:59까지",2025-09-18 04:36:57
더핑크퐁컴퍼니,"오프라인 사업 담당자더핑크퐁컴퍼니PM경력 3년 이상정규직더핑크퐁컴퍼니2025. 09. 26, 08:59까지",2025-09-18 04:36:57
아이엠뱅크,접수마감2025년  iM뱅크 외국인  인턴 모집신입일반채용인턴2025.08.08 ~2025.08.23 22:00,2025-09-18 04:36:57
아이엠뱅크,접수마감2025년 지원직원(전기통신금융사기 사무지원) 채용신입일반채용신입2025.08.14 ~2025.08.22 22:00,2025-09-18 04:36:57
아이엠뱅크,접수중[iM뱅크] 2025년 하반기 리테일금융직 채용신입일반채용신입D-112025.09.15 ~2025.09.29 18:00,2025-09-18 04:36:57
아이엠뱅크,접수중2025년 iM뱅크 외국인 인턴 모집인턴일반채용인턴D-Day2025.09.15 ~2025.09.18 22:00,2025-09-18 04:36:57
지엔에이컴퍼니(플레이오),"[플레이오] Sales Manager 광고영업 (A/E, 주니어/신입) - 영어비즈니스경력 0~2년정규직지엔에이컴퍼니(플레이오)",2025-09-18 04:36:57
지엔에이컴퍼니(플레이오),"[플레이오] Sales Manager 광고영업 (아웃바운드, 주니어/신입) - 영어비즈니스경력 0~2년정규직지엔에이컴퍼니(플레이오)",2025-09-18 04:36:57
지엔에이컴퍼니(플레이오),"[플레이오] Sales Manager 광고영업 (아웃바운드, 주니어/신입) - 중국비즈니스경력 0~2년정규직지엔에이컴퍼니(플레이오)",2025-09-18 04:36:57
지엔에이컴퍼니(플레이오),"[플레이오] Sales Manager 광고영업 (A/E, 주니어/신입) - 중국비즈니스경력 0~2년정규직지엔에이컴퍼니(플레이오)",2025-09-18 04:36:57
지엔에이컴퍼니(플레이오),[플레이오] 파이낸스 매니저 (회계/인사)파이낸스경력 0~2년정규직지엔에이컴퍼니(플레이오),2025-09-18 04:36:57
지엔에이컴퍼니(플레이오),[플레이오] 인재풀 등록전 직군경력 무관지엔에이컴퍼니(플레이오),2025-09-18 04:36:57
지엔에이컴퍼니(플레이오),[플레이오] HR 리드피플경력 3~10년정규직지엔에이컴퍼니(플레이오),2025-09-18 04:36:57
지엔에이컴퍼니(플레이오),[플레이오] Account Manager 광고주파트너매니저 (中国客户管理经理) (주니어/신입) - 중국비즈니스경력 0~2년정규직지엔에이컴퍼니(플레이오),2025-09-18 04:36:57
지엔에이컴퍼니(플레이오),[Playio] BDR (业务开发代表) (Senior) - China / 중국 사업 개발 담당자Business경력 0~7년정규직지엔에이컴퍼니(플레이오),2025-09-18 04:36:57
지엔에이컴퍼니(플레이오),"[플레이오] Sales Manager 광고영업 (아웃바운드, 주니어/신입)비즈니스경력 0~2년정규직지엔에이컴퍼니(플레이오)",2025-09-18 04:36:57
지엔에이컴퍼니(플레이오),[Playio] BDR (日本国内在住の方) (Senior) - JapanBusiness경력 3년 이상정규직지엔에이컴퍼니(플레이오),2025-09-18 04:36:57
지엔에이컴퍼니(플레이오),[플레이오] Account Manager 광고주파트너매니저 (주니어/신입) - 영어비즈니스경력 0~2년정규직지엔에이컴퍼니(플레이오),2025-09-18 04:36:57
지엔에이컴퍼니(플레이오),"[플레이오] Sales Manager 광고영업 (A/E, 주니어/신입)비즈니스경력 0~2년정규직지엔에이컴퍼니(플레이오)",2025-09-18 04:36:57
지엔에이컴퍼니(플레이오),[플레이오] 서비스 운영 및 CS 매니저 (신입~5년)운영경력 무관정규직지엔에이컴퍼니(플레이오),2025-09-18 04:36:57
아로마티카,콘텐츠 디렉터 / Content DirectorBranding콘텐츠 디렉터경력 6년 이상정규직,2025-09-18 04:36:57
아로마티카,아마존 운영 담당자 (US) / Amazon Marketplace Manager (US)Sales해외영업경력 5년 이상정규직,2025-09-18 04:36:57
아로마티카,바디·아로마테라피 BM / Body Care & Aromatherapy Brand ManagerBrandingBM경력 1년 이상정규직,2025-09-18 04:36:57
아로마티카,수요예측 매니저 / Demand Planning Manager연구 ∙ 개발 ∙ 생산수요예측 매니저경력 1년 이상정규직,2025-09-18 04:36:57
아로마티카,품질 팀장 / Quality Team Leader연구 ∙ 개발 ∙ 생산품질경력 10년 이상정규직,2025-09-18 04:36:57
아로마티카,커피챗 신청하기전직군,2025-09-18 04:36:57
아로마티카,글로벌 영업 팀장 / Global Sales LeadSales해외영업경력 10년 이상정규직,2025-09-18 04:36:57
아로마티카,전직군 상시채용 / Open Recruitment for All Positions인재풀경력 1년 이상,2025-09-18 04:36:57
아로마티카,세척담당자 / Cleaning operator연구 ∙ 개발 ∙ 생산칭량담당자경력 무관계약직,2025-09-18 04:36:57
스토리타코,Skip to content,2025-09-18 04:36:57
HD현대,[HD현대중공업] 2025년 특수선사업부 경력직 상시채용,2025-09-18 04:36:57
HD현대,[건설기계부문] '25년 하반기 건설기계부문 경력사원 채용,2025-09-18 04:36:57
HD현대,[HD현대중공업] 해양에너지 NDE 엔지니어 모집(추가공고),2025-09-18 04:36:57
HD현대,[HD현대로보틱스] 2025년 하반기 경력직 상시채용,2025-09-18 04:36:57
HD현대,[HD현대에너지솔루션] 국내영업 사무지원직 채용,2025-09-18 04:36:57
HD현대,[HD현대] 2025년 하반기 연구직 신입/경력 채용,2025-09-18 04:36:57
HD현대,[HD현대] 2025년 하반기 신입사원 채용,2025-09-18 04:36:57
HD현대,[HD현대오일뱅크] 2025년 하반기 신입사원 채용,2025-09-18 04:36:57
HD현대,[HD현대] 2025년 하반기 Junior Talent 채용,2025-09-18 04:36:57
어댑트,동남아 인플루언서마케터마케팅경력 3년 이상정규직(주)어댑트,2025-09-18 04:36:57
어댑트,대만 MD (주니어)MD경력 2년 이상정규직(주)어댑트,2025-09-18 04:36:57
어댑트,CRM 마케터마케팅경력 1년 이상정규직(주)어댑트,2025-09-18 04:36:57
어댑트,퍼포먼스 마케터(시니어)마케팅경력 5년 이상정규직(주)어댑트,2025-09-18 04:36:57
어댑트,[체험형인턴] 일본 인플루언서 마케터마케팅경력 무관인턴(주)어댑트,2025-09-18 04:36:57
어댑트,동남아 MDMD경력 무관정규직(주)어댑트,2025-09-18 04:36:57
어댑트,웹 디자이너디자인경력 2~8년정규직(주)어댑트,2025-09-18 04:36:57
어댑트,일본 MD (주니어)MD경력 2년 이상정규직(주)어댑트,2025-09-18 04:36:57
어댑트,글로벌 뷰티 전략 PM (Project Manager)전략경력 무관인턴(주)어댑트,2025-09-18 04:36:57
어댑트,[(주)어댑트] 인재 Pool인재Pool경력 무관(주)어댑트,2025-09-18 04:36:57
어댑트,건강기능식품 해외 인허가 담당자(RA)품질관리경력 2년 이상정규직(주)어댑트,2025-09-18 04:36:57
어댑트,건강기능식품 상품기획(BM)상품기획경력 7년 이상정규직(주)어댑트,2025-09-18 04:36:57
어댑트,브랜드 SNS 디자이너 (Instagram)마케팅경력 2~4년정규직(주)어댑트,2025-09-18 04:36:57
어댑트,"해외광고PD Lead.(파트장) (북미,동남아)광고경력 5년 이상정규직(주)어댑트",2025-09-18 04:36:57
어댑트,대만 MD (시니어)MD경력 7년 이상정규직(주)어댑트,2025-09-18 04:36:57
어댑트,일본 MD (시니어)MD경력 7년 이상정규직(주)어댑트,2025-09-18 04:36:57
어댑트,홍콩 MD (시니어)MD경력 5년 이상정규직(주)어댑트,2025-09-18 04:36:57
어댑트,해외 영업지원 담당자 (미국)영업지원경력 1~3년정규직(주)어댑트,2025-09-18 04:36:57
어댑트,퍼포먼스 마케터 리드(Lead.)마케팅경력 7년 이상정규직(주)어댑트,2025-09-18 04:36:57
어댑트,해외 퍼포먼스 마케터 (주니어)마케팅경력 1년 이상정규직(주)어댑트,2025-09-18 04:36:57
어댑트,일본 AMDMD경력 무관정규직(주)어댑트,2025-09-18 04:36:57
어댑트,VMD 디자이너디자인경력 5~10년정규직(주)어댑트,2025-09-18 04:36:57
어댑트,아마존 MD (미국)MD경력 1년 이상정규직(주)어댑트,2025-09-18 04:36:57
어댑트,중화권(대만) 인플루언서 마케터 (시니어)마케팅경력 5년 이상정규직(주)어댑트,2025-09-18 04:36:57
어댑트,온라인 MDMD경력 3~7년정규직(주)어댑트,2025-09-18 04:36:57
어댑트,글로벌 웹 디자이너 (아시아)디자인경력 3~6년정규직(주)어댑트,2025-09-18 04:36:57
어댑트,글로벌 뷰티 전략 RA (Research Assistant)전략경력 무관인턴(주)어댑트,2025-09-18 04:36:57
어댑트,중화권(대만) 인플루언서 마케터 (주니어)마케팅경력 1년 이상정규직(주)어댑트,2025-09-18 04:36:57
어댑트,글로벌(북미) 마케터 (시니어)마케팅경력 6~10년정규직(주)어댑트,2025-09-18 04:36:57
어댑트,틱톡샵 MD (미국)MD경력 3~6년정규직(주)어댑트,2025-09-18 04:36:57
어댑트,콘텐츠 디자이너디자인경력 2년 이상정규직(주)어댑트,2025-09-18 04:36:57
어댑트,오프라인 MDMD경력 2~5년정규직(주)어댑트,2025-09-18 04:36:57
어댑트,포토 리터쳐 (사진 보정 리터칭)미디어경력 3년 이상정규직(주)어댑트,2025-09-18 04:36:57
어댑트,[체험형인턴] 대만 인플루언서 마케터어로프트마케팅경력 무관인턴(주)어댑트,2025-09-18 04:36:57
엔라이즈,운동기구 제품 기획자 (QUAT)Commerce경력 2년 이상정규직(주)엔라이즈,2025-09-18 04:36:57
엔라이즈,Kotlin Backend Engineer (QUAT)Product경력 3년 이상정규직(주)엔라이즈,2025-09-18 04:36:57
엔라이즈,Kotlin Backend Engineer (WIPPY 재팬 스쿼드)Product경력 5년 이상정규직(주)엔라이즈,2025-09-18 04:36:57
엔라이즈,미니 사외 친구 소개 (전 직군)인재풀경력 무관정규직(주)엔라이즈,2025-09-18 04:36:57
엔라이즈,Growth Marketer (WIPPY)Marketing경력 3년 이상정규직(주)엔라이즈,2025-09-18 04:36:57
엔라이즈,Marketing PD (WIPPY)Marketing경력 1~5년정규직(주)엔라이즈,2025-09-18 04:36:57
엔라이즈,인재풀 등록 (전 직군)인재풀경력 무관(주)엔라이즈,2025-09-18 04:36:57
엔라이즈,출판 편집자 (FIKA JUNIOR)FIKA경력 7년 이상정규직(주)엔라이즈,2025-09-18 04:36:57
엔라이즈,마케팅 인턴 (WIPPY)Marketing경력 무관계약직(주)엔라이즈,2025-09-18 04:36:57
엔라이즈,Site Reliability EngineerProduct경력 3년 이상정규직(주)엔라이즈,2025-09-18 04:36:57
엔라이즈,Contents Marketer (WIPPY JAPAN)Marketing경력 3년 이상정규직(주)엔라이즈,2025-09-18 04:36:57
엔라이즈,iOS Engineer (WIPPY)Product경력 3년 이상정규직(주)엔라이즈,2025-09-18 04:36:57
아이패밀리SC,[롬앤/누즈] 글로벌 사업팀 동남아파트 베트남 시장 오퍼레이터​ (경력 2년 이상)베트남 시장 오퍼레이터경력 2년 이상정규직아이패밀리SC,2025-09-18 04:36:57
아이패밀리SC,"[롬앤/누즈] 국내사업팀 D2CX파트 CX 담당자 (경력 3년 이상~6년 미만)CX 담당자경력 3~6년정규직아이패밀리SC2025. 09. 26, 14:59까지",2025-09-18 04:36:57
아이패밀리SC,[롬앤/누즈] 패키지파트 GWP(굿즈) 디자이너 (경력 2년 이상)GWP(굿즈) 디자이너경력 2년 이상정규직아이패밀리SC,2025-09-18 04:36:57
아이패밀리SC,[롬앤/누즈] 패키지파트 패키지 디자이너 (경력 2년 이상)패키지 디자이너경력 2년 이상정규직아이패밀리SC,2025-09-18 04:36:57
아이패밀리SC,"[롬앤/누즈] 국내사업팀 온/오프라인 AMD 인턴AMD신입계약직아이패밀리SC2025. 09. 29, 14:59까지",2025-09-18 04:36:57
아이패밀리SC,[롬앤/누즈] 글로벌사업팀 라이징파트 동남아 시장 세일즈마케터 (경력 2년 이상)세일즈마케터경력 2년 이상정규직아이패밀리SC,2025-09-18 04:36:57
아이패밀리SC,[아이웨딩] 청담 라운지 운영 실장(관리 매니저) 채용청담라운지 매니저경력 1~2년계약직아이웨딩,2025-09-18 04:36:57
아이패밀리SC,[롬앤/누즈] 글로벌사업팀 동남아파트 영업 오퍼레이터 (경력 2년 이상)영업 오퍼레이터경력 2년 이상정규직아이패밀리SC,2025-09-18 04:36:57
아이패밀리SC,[롬앤/누즈] 패키지파트 패키지 디자이너 리더급패키지 디자이너경력 5년 이상정규직아이패밀리SC,2025-09-18 04:36:57
아이패밀리SC,[롬앤/누즈] 글로벌사업팀 라이징파트 영업 담당자 (경력 2년 이상)영업 담당자경력 2년 이상정규직아이패밀리SC,2025-09-18 04:36:57
아이패밀리SC,[아이패밀리SC] 경영기획본부 재무회계팀 계약직 채용재무회계팀경력 1년 이상계약직아이패밀리SC,2025-09-18 04:36:57
아이패밀리SC,[롬앤/누즈] 상시 인재풀 등록경력 무관정규직아이패밀리SC,2025-09-18 04:36:57
아이패밀리SC,[롬앤] 플래그십 스토어(핑크오피스) 매니저플래그십 스토어 슈퍼바이저경력 2년 이상정규직,2025-09-18 04:36:57
아이패밀리SC,"[롬앤/누즈] 중국사업팀 중국 이커머스 채널 운영 담당자 (경력 3년 이상)이커머스 채널 운영 담당자경력 3년 이상정규직아이패밀리SC2025. 10. 12, 14:59까지",2025-09-18 04:36:57
테크랩스,정보보안실기획정보보안실경력 3 ~ 8년정규직테크랩스,2025-09-18 04:36:57
테크랩스,브랜드엑셀러레이팅사업부마케팅브랜드콘텐츠팀경력 3 ~ 10년정규직테크랩스,2025-09-18 04:36:57
테크랩스,퍼포먼스사업부마케팅운영실경력 2년 이하정규직테크랩스,2025-09-18 04:36:57
테크랩스,직속부서마케팅해외사업실경력 1 ~ 4년정규직테크랩스,2025-09-18 04:36:57
테크랩스,HQHRM사업지원실경력 7 ~ 15년정규직테크랩스,2025-09-18 04:36:57
이팝소프트,개발팀개발백엔드 개발자경력 3년 이상정규직이팝소프트 본사,2025-09-18 04:36:57
이팝소프트,마케팅팀마케팅일본 글로벌 마케터경력 3 ~ 10년정규직이팝소프트 본사,2025-09-18 04:36:57
이팝소프트,마케팅팀마케팅브랜드 디자이너경력 5 ~ 10년정규직이팝소프트 본사,2025-09-18 04:36:57
이팝소프트,마케팅팀마케팅일본 지사장경력 8년 이상정규직이팝소프트 본사,2025-09-18 04:36:57
이팝소프트,마케팅팀마케팅일본 마케팅팀 리드경력 7 ~ 15년정규직이팝소프트 본사,2025-09-18 04:36:57
이팝소프트,개발팀개발풀스택 개발자정규직이팝소프트 본사,2025-09-18 04:36:57
이팝소프트,마케팅팀마케팅대만 마케팅팀 리드경력 7년 이상정규직이팝소프트 본사,2025-09-18 04:36:57
이팝소프트,캐릭터팀디자인스파인 애니메이터정규직이팝소프트 본사,2025-09-18 04:36:57
이팝소프트,데이터팀데이터데이터 분석가경력 6년 이상정규직이팝소프트 본사,2025-09-18 04:36:57
이팝소프트,마케팅팀마케팅그로스 마케터경력 3 ~ 10년정규직이팝소프트 본사,2025-09-18 04:36:57
이팝소프트,마케팅팀마케팅CRM 마케터경력 3년 이상정규직이팝소프트 본사,2025-09-18 04:36:57
이팝소프트,캐릭터팀캐릭터2D 캐릭터 디자이너경력 1년 이상정규직이팝소프트 본사,2025-09-18 04:36:57
아이리스브라이트,브랜드디자인팀디자인경력 3 ~ 7년정규직,2025-09-18 04:36:57
아이리스브라이트,퍼포먼스마케팅팀마케팅경력 3년 이상정규직,2025-09-18 04:36:57
아이리스브라이트,글로벌사업본부영업경력 2 ~ 5년정규직,2025-09-18 04:36:57
아이리스브라이트,바이럴마케팅팀마케팅신입인턴,2025-09-18 04:36:57
아이리스브라이트,신입인턴 · 정규직 · 계약직,2025-09-18 04:36:57
아이리스브라이트,콘텐츠기획팀마케팅경력 1 ~ 10년정규직,2025-09-18 04:36:57
아이리스브라이트,제품개발팀제품기획경력 3 ~ 7년정규직,2025-09-18 04:36:57
아이리스브라이트,콘텐츠기획팀디자인경력 1 ~ 5년정규직,2025-09-18 04:36:57
아이리스브라이트,SCM팀물류경력 5 ~ 10년정규직,2025-09-18 04:36:57
아이리스브라이트,미국팀마케팅경력 무관아르바이트,2025-09-18 04:36:57
아이리스브라이트,콘텐츠기획팀마케팅신입인턴,2025-09-18 04:36:57
아이리스브라이트,글로벌사업본부MD경력 2년 이하정규직,2025-09-18 04:36:57
아이리스브라이트,미국팀마케팅신입인턴,2025-09-18 04:36:57
아이리스브라이트,경력 무관아이리스브라이트,2025-09-18 04:36:57
아이리스브라이트,바이럴마케팅팀마케팅신입인턴아이리스브라이트,2025-09-18 04:36:57
아이리스브라이트,촬영팀촬영신입계약직,2025-09-18 04:36:57
뉴트리원,바이럴 마케터 (4년 이상)브랜드커머스본부디지털마케팅부퍼포먼스마케팅팀채용중,2025-09-18 04:36:57
뉴트리원,[딥런] 글로벌 스킨케어 상품기획  담당자(7년 이상)딥런시너지 본부사업전략팀채용중,2025-09-18 04:36:57
뉴트리원,건강기능식품 상품기획 리드 (8년 이상)상품마케팅본부상품전략팀채용중,2025-09-18 04:36:57
뉴트리원,해외 B2B 영업 담당자 (3년 이하)해외마케팅1팀채용중,2025-09-18 04:36:57
뉴트리원,리테일 채널 영업 담당자 (3년 이상)이노베이션본부리테일영업부채용중,2025-09-18 04:36:57
뉴트리원,CS 담당자 (3년 이하)시너지 본부CX팀채용중,2025-09-18 04:36:57
뉴트리원,[신입] 글로벌 콘텐츠 마케팅 담당자브랜드커머스본부브랜드마케팅부브랜드마케팅팀채용중,2025-09-18 04:36:57
뉴트리원,중국 B2C 운영 MD (3년 이하)GCC마케팅부GCC마케팅팀면접전형중,2025-09-18 04:36:57
뉴트리원,퍼포먼스 마케터 리드 (8년 이상)브랜드커머스본부디지털마케팅부퍼포먼스마케팅팀채용중,2025-09-18 04:36:57
뉴트리원,퍼포먼스 마케터 (4년 이상)브랜드커머스본부디지털마케팅부퍼포먼스마케팅팀채용중,2025-09-18 04:36:57
뉴트리원,온라인 영업 MD (3년 이상)이노베이션본부NC팀채용중,2025-09-18 04:36:57
뉴트리원,커머스그로스팀 리드 (8년 이상)브랜드커머스본부디지털마케팅부커머스그로스팀채용중,2025-09-18 04:36:57
뉴트리원,✨ 인재풀 등록인재풀채용중,2025-09-18 04:36:57
뉴트리원,[인턴] 글로벌 콘텐츠 마케팅 담당자인턴(체험형)브랜드커머스본부브랜드마케팅팀서류마감,2025-09-18 04:36:57
코자,코자디자인슈즈디자이너경력 1 ~ 3년계약직코자 본사,2025-09-18 04:36:57
코자,코자마케팅콘텐츠 마케터경력 1 ~ 4년정규직코자 본사,2025-09-18 04:36:57
코자,코자비주얼스타일링경력 2 ~ 4년정규직코자 본사,2025-09-18 04:36:57
코자,코자사업기획사업분석경력 2 ~ 6년정규직코자 본사,2025-09-18 04:36:57
코자,코자매장관리매장스태프경력 1 ~ 3년정규직스탠드오일 성수 플래그십스토어,2025-09-18 04:36:57
코자,코자매장관리매장관리자경력 5년 이상정규직스탠드오일 슈즈 플래그십스토어,2025-09-18 04:36:57
코자,코자디자인가방디자이너경력 1 ~ 3년계약직코자 본사,2025-09-18 04:36:57
코자,코자마케팅퍼포먼스 마케터경력 3 ~ 5년정규직코자 본사,2025-09-18 04:36:57
코자,코자미디어에디터경력 1 ~ 3년정규직코자 본사,2025-09-18 04:36:57
에프앤엘코퍼레이션,주식회사 에프앤엘코퍼레이션물류경력 무관정규직에프앤엘코퍼레이션 본사,2025-09-18 04:36:57
에프앤엘코퍼레이션,주식회사 에프앤엘코퍼레이션마케팅경력 3년 이상정규직에프앤엘코퍼레이션 본사,2025-09-18 04:36:57
에프앤엘코퍼레이션,주식회사 에프앤엘코퍼레이션MD경력정규직에프앤엘코퍼레이션 본사,2025-09-18 04:36:57
에프앤엘코퍼레이션,주식회사 에프앤엘코퍼레이션콘텐츠경력정규직에프앤엘코퍼레이션 본사,2025-09-18 04:36:57
에프앤엘코퍼레이션,주식회사 에프앤엘코퍼레이션글로벌마케팅경력 1년 이상정규직에프앤엘코퍼레이션 본사,2025-09-18 04:36:57
에프앤엘코퍼레이션,주식회사 에프앤엘코퍼레이션글로벌마케팅경력정규직에프앤엘코퍼레이션 본사,2025-09-18 04:36:57
에프앤엘코퍼레이션,주식회사 에프앤엘코퍼레이션세일즈경력 5년 이상정규직에프앤엘코퍼레이션 본사,2025-09-18 04:36:57
에프앤엘코퍼레이션,주식회사 에프앤엘코퍼레이션마케팅경력 3 ~ 5년정규직에프앤엘코퍼레이션 본사,2025-09-18 04:36:57
에프앤엘코퍼레이션,주식회사 에프앤엘코퍼레이션마케팅경력 2년 이상정규직에프앤엘코퍼레이션 본사,2025-09-18 04:36:57
에프앤엘코퍼레이션,주식회사 에프앤엘코퍼레이션총무신입인턴에프앤엘코퍼레이션 본사,2025-09-18 04:36:57
에프앤엘코퍼레이션,주식회사 에프앤엘코퍼레이션MD경력 4년 이상정규직에프앤엘코퍼레이션 본사,2025-09-18 04:36:57
엘지,[정보보안센터] 보안솔루션 구축/운영 엔지니어 경력채용,2025-09-18 04:36:57
엘지,[정규직] 국내/해외 경영관리 담당자 모집(신입/경력),2025-09-18 04:36:57
엘지,[레저] 곤지암골프클럽 한식조리 경력채용,2025-09-18 04:36:57
엘지,[상시접수]LG화학 대산공장 공정지원 계약직(현장) 모집,2025-09-18 04:36:57
엘지,[비즈테크아이] ERP SAP  상시  채용,2025-09-18 04:36:57
엘지,[MEA RHQ 한국인 채용] Assistant Manager - HR Planning Team,2025-09-18 04:36:57
엘지,[LG생활건강] 뷰티 디바이스 (경력),2025-09-18 04:36:57
엘지,[D&O CM] 상시 인재 Pool 등록,2025-09-18 04:36:57
엘지,[한국영업본부] 온라인그룹 리빙/인테리어시공 MD (공간 큐레이터),2025-09-18 04:36:57
엘지,[하이케어솔루션] 2025년 별도 지원자 입력용_사무소장 후보자 인터뷰,2025-09-18 04:36:57
엘지,2025년 하반기 LG전자 신입사원 채용,2025-09-18 04:36:57
엘지,[LG CNS] ERP/솔루션 분야 모집(경력),2025-09-18 04:36:57
엘지,[LG CNS] 클라우드 인프라 사업 개발 분야 모집(경력),2025-09-18 04:36:57
엘지,[LG CNS] 보안 전 영역 전문가 모집(경력),2025-09-18 04:36:57
엘지,[상시접수]LG화학 여수공장 공정지원 계약직(현장) 모집,2025-09-18 04:36:57
엘지,[LG CNS] 로봇 분야 모집(경력),2025-09-18 04:36:57
엘지,[레저] 상시 인재 Pool 등록,2025-09-18 04:36:57
엘지,[CSO] KooRoo사업 경력 모집,2025-09-18 04:36:57
엘지,[정보보안센터] 정보 유출 리스크 관리 계약직 채용,2025-09-18 04:36:57
엘지,[LG CNS] Hybrid Cloud 사업개발 분야 모집(경력),2025-09-18 04:36:57
엘지,[F&B] 상시 인재 Pool 등록,2025-09-18 04:36:57
엘지,[상시접수] LG화학 R&D 인재등록 공고 (국내 학위),2025-09-18 04:36:57
엘지,[CTO부문] 동형암호 연구 개발,2025-09-18 04:36:57
엘지,[LG CNS] 재경분야(Staff) 경력채용,2025-09-18 04:36:57
엘지,[본사] 상시 인재 Pool 등록,2025-09-18 04:36:57
엘지,[나이지리아 법인 한국인 채용] Assistant Product Manager - HS PD Team,2025-09-18 04:36:57
엘지,[상시접수] LG화학 R&D 인재등록 공고 (해외 학위),2025-09-18 04:36:57
엘지,[상시접수] LG화학 상시 인재등록 공고 (R&D 외 직무),2025-09-18 04:36:57
엘지,[신입] 2025년 하반기 LG CNS 신입사원 채용,2025-09-18 04:36:57
엘지,[LG CNS] 자동화 기구설계 / 전장제어 분야 모집(경력),2025-09-18 04:36:57
엘지,[LG CNS] Global 해외 석박사 AX 인재 상시 등록 공고,2025-09-18 04:36:57
엘지,[LG CNS] SAP BC 모집(경력),2025-09-18 04:36:57
엘지,[LG생활건강] 일본 E-Commerce,2025-09-18 04:36:57
엘지,[비즈테크아이] SAP ERP 부문 주니어 경력직 채용,2025-09-18 04:36:57
엘지,[MEA RHQ 한국인 채용] Assistant Manager - Tax Team,2025-09-18 04:36:57
엘지,[인턴] LG CNS Global Internship(외국인) 상시 인재 등록 공고,2025-09-18 04:36:57
엘지,해외 및 국내 인재 상시 DB 등록용 (`25년),2025-09-18 04:36:57
엘지,[하이엠솔루텍] 장애인 특별 채용_시스템에어컨 서비스엔지니어 모집(2025년 상시),2025-09-18 04:36:57
엘지,[LG CNS] 해외 프로젝트 안전관리 분야 모집(경력),2025-09-18 04:36:57
엘지,[레저] '25년 곤지암리조트/GC 하반기 식음서비스 직무 채용연계형 인턴 모집,2025-09-18 04:36:57
엘지,[LG CNS] 금융DX(은행/카드) 분야 모집(경력),2025-09-18 04:36:57
엘지,2025년 하반기 R&D 석/박사 산학장학생 LGE MEMBERS 모집,2025-09-18 04:36:57
엘지,[TW바이오매스에너지] 생산팀 운전원 신입/경력사원 모집,2025-09-18 04:36:57
엘지,[LG헬로비전] 노무담당자(노무사) 경력직 채용,2025-09-18 04:36:57
엘지,"[하이엠솔루텍] 채권관리 담당자 모집(경력,촉탁직)",2025-09-18 04:36:57
엘지,[AM] 상시 인재 Pool 등록,2025-09-18 04:36:57
엘지,[한국영업본부] 상품기획 스페셜리스트,2025-09-18 04:36:57
엘지,[LG생활건강] 북미 틱톡 마케팅 (경력),2025-09-18 04:36:57
엘지,[CTO부문] 인공지능연구소 양자컴퓨팅 개발 직무 경력 채용,2025-09-18 04:36:57
엘지,[LG CNS] 클라우드 데이터센터 구축(해외) 분야 모집(경력),2025-09-18 04:36:57
엘지,[HSAD] 2025년 하반기 대졸 채용연계형 인턴십 공고,2025-09-18 04:36:57
엘지,2025년 하반기 R&D 산학장학생 상시 모집,2025-09-18 04:36:57
엘지,[해외영업본부] D2C플랫폼 Architecture,2025-09-18 04:36:57
엘지,[CTO부문] Offensive Security Researcher(제품 공격 관점 보안 취약점 분석 및 해킹),2025-09-18 04:36:57
엘지,[CTO] 생산운영 현장계약직 모집,2025-09-18 04:36:57
엘지,[HSAD] 금융팀 경력채용,2025-09-18 04:36:57
엘지,[하이케어솔루션] 기술지원(엔지니어) 신입 채용,2025-09-18 04:36:57
엘지,[HS본부] 멕시코 생산법인 인턴 채용 건,2025-09-18 04:36:57
엘지,[자동차전지] 제품설계 시험원 계약직 모집,2025-09-18 04:36:57
엘지,[하이엠솔루텍] 장애인 특별 채용_사무직 모집(2025년 상시),2025-09-18 04:36:57
엘지,[정규직] 해외 공조설비 수주영업지원 담당자 모집,2025-09-18 04:36:57
엘지,[한국영업본부] 품질관리 스페셜리스트,2025-09-18 04:36:57
하나은행,"정보보호부 [보안 감사, 정보보호관리체계 인증 관리](1)",2025-09-18 04:36:57
하나은행,총무부[총무업무_일반사무](1),2025-09-18 04:36:57
하나은행,[투자금융부] [경력] [인수금융](1),2025-09-18 04:36:57
하나은행,데이터전략부 [빅데이터 분석 / AI모형 개발](1),2025-09-18 04:36:57
하나은행,정보보호부 [신기술 보안](1),2025-09-18 04:36:57
하나은행,기관사업부 경력직 모집 [나라사랑카드 관련 군마케팅 부문](1),2025-09-18 04:36:57
하나은행,총무부[산업안전기사_산업안전보건 업무](1),2025-09-18 04:36:57
하나은행,"연금상품지원부 [PM, 공모펀드, ETF, 포트폴리오](1)",2025-09-18 04:36:57
하나은행,클라우드본부 [클라우드 전략](1),2025-09-18 04:36:57
하나은행,준법지원부 [변호사](1),2025-09-18 04:36:57
하나은행,신용리스크관리부 [신용평가모형 개발 및 운영](1),2025-09-18 04:36:57
하나은행,하나은행 전자서명인증사업부 [서비스기획/운영/마케팅](1),2025-09-18 04:36:57
하나은행,인천국제공항지점 환전서포터즈(1),2025-09-18 04:36:57
하나은행,하나은행 신탁부 [신탁상품 운용 및 관리](1),2025-09-18 04:36:57
하나은행,신탁부 [신탁 마케팅 전문가](1),2025-09-18 04:36:57
하나은행,여신관리부 [연체 사후관리](1),2025-09-18 04:36:57
하나은행,[투자금융부] [경력] [IB Middle 업무] 담당자 채용(1),2025-09-18 04:36:57
하나은행,춘천 하나50+ 컬처뱅크 매니저(1),2025-09-18 04:36:57
하나은행,글로벌IB금융부 [해외대체투자 펀드 파생금융](1),2025-09-18 04:36:57
하나은행,연금사업지원부 [퇴직연금 계리사](1),2025-09-18 04:36:57
하나은행,기업플랫폼사업부 [디지털금융 신사업 및 서비스 기획](1),2025-09-18 04:36:57
하나은행,법무지원부 [변호사](1),2025-09-18 04:36:57
하나은행,종합리스크관리부 [파생상품 리스크 퀀트](1),2025-09-18 04:36:57
하나은행,연금사업지원부 [퇴직연금 손님 콜 상담](1),2025-09-18 04:36:57
하나은행,[투자금융부] [경력] [국내 지분투자 업무](1),2025-09-18 04:36:57
하나은행,연금상품지원부 [퇴직연금 자산운용전문가] 채용(1),2025-09-18 04:36:57
하나은행,신용감리부 [감리업무 인력 채용 공고](1),2025-09-18 04:36:57
하나은행,총무부[건축기사-소유사옥 관리∙감독 업무](1),2025-09-18 04:36:57
하나은행,수탁영업부 [컴플라이언스업무](1),2025-09-18 04:36:57
하나은행,외국인손님마케팅팀 [미얀마 손님 대상 마케팅](1),2025-09-18 04:36:57
하나은행,"브랜드전략부 [온드 미디어 채널 운영, SNS/디지털 광고](1)",2025-09-18 04:36:57
하나은행,종합리스크관리부 [금리/유동성 리스크 매니저](1),2025-09-18 04:36:57
하나은행,외국인손님마케팅팀 [중국 손님 대상 마케팅](1),2025-09-18 04:36:57
하나은행,[투자금융부] [경력] [IB Middle 업무](1),2025-09-18 04:36:57
하나은행,클라우드본부 [클라우드 엔지니어](1),2025-09-18 04:36:57
하나은행,총무부 [건축 및 인테리어 업무](1),2025-09-18 04:36:57
달바글로벌,[d'Alba Global] North America - Contents Marketing Manager,2025-09-18 04:36:57
달바글로벌,[d'Alba Global] Customer Experience Manager고객만족팀경력 1년 이상서울 마포구,2025-09-18 04:36:57
달바글로벌,[d'Alba Global] Brand Operations Manager주식회사 달바글로벌,2025-09-18 04:36:57
달바글로벌,[d'Alba Global] Kazakhstan - Marketing (Intern)경력 무관서울 마포구,2025-09-18 04:36:57
달바글로벌,[d'Alba Global] Offline Sales Manager(OliveYoung)오프라인 영업경력 무관서울 마포구,2025-09-18 04:36:57
달바글로벌,[d'Alba Global] Product/Package Designer패키지디자인팀경력 3년 이상서울 마포구,2025-09-18 04:36:57
달바글로벌,"[d'Alba Global] Asean Team - Vietnam Marketing & On,Offline Sales Manager해외영업 아세안주식회사 달바글로벌",2025-09-18 04:36:57
달바글로벌,[d'Alba Global] Japan - Country Leader해외영업 일본경력 5년 이상서울 마포구,2025-09-18 04:36:57
달바글로벌,[d'Alba Global] Domestic Online Sales Manager (Intern)국내영업경력 무관서울 마포구,2025-09-18 04:36:57
달바글로벌,[d'Alba Global] China - Online Sales & Marketing Manager중국/대만,2025-09-18 04:36:57
달바글로벌,[d'Alba Global] Offline Sales Manager (Department store)오프라인 영업경력 무관서울 마포구,2025-09-18 04:36:57
달바글로벌,"[d'Alba Global] Offline Sales Manager (OliveYoung, Intern)오프라인 영업경력 무관서울 마포구",2025-09-18 04:36:57
달바글로벌,[d'Alba Global] Asean Team Leader해외영업 아세안주식회사 달바글로벌,2025-09-18 04:36:57
달바글로벌,[d'Alba Global] Veganery Ecommerce Sales Manager (Intern)비거너리 사업팀경력 무관서울 마포구,2025-09-18 04:36:57
달바글로벌,[d'Alba Global] Online Sales Support (Intern)국내영업경력 무관서울 마포구,2025-09-18 04:36:57
달바글로벌,[d'Alba Global] Japan - Offline (B2B) Sales Manager해외영업 일본경력 무관서울 마포구,2025-09-18 04:36:57
달바글로벌,[d'Alba Global] Asean Team - Thailand Marketing & Ecommerce Sales Manager해외영업 아세안주식회사 달바글로벌,2025-09-18 04:36:57
달바글로벌,[d'Alba Global] China - Marketing Manager중국/대만,2025-09-18 04:36:57
달바글로벌,[d'Alba Global] Contents design - 3D Artist컨텐츠디자인팀웹 디자인서울 마포구,2025-09-18 04:36:57
달바글로벌,[d'Alba Global] Asean Team Ecommerce Sales Manager해외영업 아세안주식회사 달바글로벌,2025-09-18 04:36:57
달바글로벌,[d'Alba Global] Purchasing Manager (Maternity Leave Cover)구매팀경력 1년 이상주식회사 달바글로벌,2025-09-18 04:36:57
삼성,삼성전자 DX부문해외영업분야 외국인 경력사원 채용(DX부문)경력2025.09.08 ~ 2025.09.22,2025-09-18 04:36:57
삼성,삼성SDIR&D분야 외국인 경력사원 채용경력2025.09.08 ~ 2025.09.22,2025-09-18 04:36:57
삼성,삼성SDSR&D분야 외국인 경력사원 채용경력2025.09.08 ~ 2025.09.22,2025-09-18 04:36:57
삼성,삼성전기R&D분야 외국인 경력사원 채용경력2025.09.08 ~ 2025.09.22,2025-09-18 04:36:57
삼성,삼성바이오로직스R&D분야 외국인 경력사원 채용경력2025.09.08 ~ 2025.09.22,2025-09-18 04:36:57
삼성,삼성바이오로직스해외영업분야 외국인 경력사원 채용경력2025.09.08 ~ 2025.09.22,2025-09-18 04:36:57
삼성,삼성디스플레이R&D분야 외국인 경력사원 채용경력2025.09.08 ~ 2025.09.22,2025-09-18 04:36:57
삼성,삼성전자 DS부문R&D분야 외국인 경력사원 채용(DS부문)경력2025.09.08 ~ 2025.09.22,2025-09-18 04:36:57
삼성,삼성전자 DX부문R&D분야 외국인 경력사원 채용(DX부문)경력2025.09.08 ~ 2025.09.22,2025-09-18 04:36:57
